"(PDH-CSV 4.0) (Mitteleuropäische Zeit)(-60)","\\ROADRUNNER\Arbeitsspeicher\Verfügbare MB","\\ROADRUNNER\Arbeitsspeicher\Zugesicherte verwendete Bytes (%)","\\ROADRUNNER\Physikalischer Datenträger(0 C:)\Aktuelle Warteschlangenlänge","\\ROADRUNNER\Physikalischer Datenträger(0 C:)\Bytes geschrieben/s","\\ROADRUNNER\Physikalischer Datenträger(0 C:)\Mittlere Sek./Schreibvorgänge","\\ROADRUNNER\Physikalischer Datenträger(0 C:)\Schreibvorgänge/s","\\ROADRUNNER\Physikalischer Datenträger(0 C:)\Zeit (%)","\\ROADRUNNER\Prozess(arnis-windows)\Arbeitsseiten","\\ROADRUNNER\Prozess(arnis-windows)\E/A-Bytes gelesen/s","\\ROADRUNNER\Prozess(arnis-windows)\E/A-Datenbytes/s","\\ROADRUNNER\Prozess(arnis-windows)\E/A-Schreibvorgänge/s","\\ROADRUNNER\Prozess(arnis-windows)\Private Bytes","\\ROADRUNNER\Prozess(arnis-windows)\Prozessorzeit (%)","\\ROADRUNNER\Prozess(arnis-windows)\Threadanzahl","\\ROADRUNNER\Prozessorinformationen(0,0)\Prozessorzeit (%)"
"01/27/2026 21:31:33.091","11421","64.050442880031283721","0"," "," "," "," ","31358976"," "," "," ","8216576"," ","39"," "
"01/27/2026 21:31:34.097","11408","64.115242395576842682","0","246727.30288993721479","4.1506060606060607952e-005","33.199051553398710723","0.56725460153538675989","31358976","225.35113781700945879","225.35113781700945879","0","8216576","0","39","8.3468561592205166022"
"01/27/2026 21:31:35.101","11387","64.1610600203650705","0","191824.80681207642192","0.00085968260869565221814","22.91789891891288633","16.690626749736260592","31358976","0","0","0","8216576","0","39","15.925976596382607653"
"01/27/2026 21:31:36.096","11388","64.180194205646444061","0","177491.21235621796222","7.215000000000000547e-005","18.086740389560254982","0.67737982265856211406","31420416","225.07943595897205569","614.94917324504865519","3.0144567315933756824","8216576","1.5700557362250091575","39","10.506823035174473802"
"01/27/2026 21:31:37.107","11380","64.110825970794721229","0","2007210.325699219713","0.0020881878787878788671","65.289416110816318906","16.830145160593072973","35909632","443.17664269160161439","4163470.4529779683799","4.9461678871830541127","9101312","0","39","2.6226761380818586211"
"01/27/2026 21:31:38.099","11384","64.081042344700790636","0","0","0","0","0.27008660793354716256","37519360","505413.64501628652215","510546.31371673452668","6.0479206996637859817","9785344","6.2996018046897663822","44","10.227190600185853242"
"01/27/2026 21:31:39.096","11399","64.048648035165072656","0","1051167.1269679761026","0.0025612999999999998615","1.0024710912399064089","1.5267090626088362093","37535744","449.10704887547808539","449.10704887547808539","0","9785344","0","44","2.8845323906524944491"
"01/27/2026 21:31:40.091","11400","64.019734636885047507","0","1346647.1964355160017","0.00041656249999999999485","8.0433342677006649524","0.33505285238813004023","37588992","337.82003924342791379","563.03339873904656088","2.0108335669251662381","9785344","0","44","7.313773954896507945"
"01/27/2026 21:31:41.097","11403","63.998490144498298093","0","1042045.915068630944","0.0025485999999999998239","0.99377242571700186158","0.67652123119748863722","37588992","222.60502336060841344","222.60502336060841344","0","9785344","0","44","3.7218092488283671671"
"01/27/2026 21:31:42.100","11412","63.961516242465357607","0","236949.53801083788858","0.00042709999999999997316","3.9895867795467050421","0.26616860044348800152","37588992","558.5421491365386828","558.5421491365386828","0","9785344","0","44","1.8269683300157657513"
"01/27/2026 21:31:43.091","11421","63.936007619820536263","0","143113.12005148778553","7.3613333333333335522e-005","30.272687285259429757","0.2228481290605907883","37588992","0","0","0","9785344","0","44","0"
"01/27/2026 21:31:44.105","11422","63.933005315236044908","0","82291.606682091078255","8.2508333333333337602e-005","11.832573813567544008","0.097629614875278436514","37588992","331.3120667798912109","331.3120667798912109","0","9785344","0","44","0"
"01/27/2026 21:31:45.106","11422","63.840934975035700916","0","98184.17603157107078","6.2114999999999997364e-005","19.975621751214816868","0.12407633146348247266","37588992","0","0","0","9785344","0","44","0.12369680151133044532"
"01/27/2026 21:31:46.107","11450","63.83411452729117741","0","36814.910997675695398","0.0002331333333333333261","2.9960051267639729033","0.069862655054589065107","37588992","0","0","0","9785344","0","44","1.671359637745051252"
"01/27/2026 21:31:47.107","11449","63.839118360504301108","0","106591.7407014980854","9.9259999999999994937e-005","10.008990074885261379","0.099326658120264504914","37588992","0","0","0","9785344","0","44","3.0557818282253568221"
"01/27/2026 21:31:48.107","11449","63.84364356376315186","0","90035.649768995892373","0.0002737999999999999874","2.9974581554841495112","0.082071404719935084349","37564416","0","0","0","9728000","0","43","1.6489210930355491236"
"01/27/2026 21:31:49.100","11449","63.901600885182062939","0","41257.088166175810329","0.00010826249999999999556","8.058025032456214376","0.087241190009720331888","38756352","225.62470090877397411","338.43705136316094695","1.007253129057026797","10551296","0","43","5.5667756216224333343"
"01/27/2026 21:31:50.091","11434","63.934506467528294138","0","24816.266125372632814","0.00033240000000000000232","2.0195529073382676444","0.067127112073095851486","48848896","0","0","0","21000192","1.5777092751836985229","43","5.3374434889780992819"
"01/27/2026 21:31:51.105","11431","63.957654583258005232","0","0","0","0","0","60133376","0","0","0","32718848","1.5396153119644908625","43","3.0042353462370718908"
"01/27/2026 21:31:52.108","11416","63.982249462041593802","0","0","0","0","0","71974912","0","0","0","45096960","1.5586280561828305125","43","3.3614648317033091196"
"01/27/2026 21:31:53.104","11401","64.011695879514263652","0","4110.6495328050104945","0.0006143999999999999722","1.0035765460949732653","0.061661531383802592465","84168704","0","0","0","57466880","9.4088030065616745645","43","7.483567074376241024"
"01/27/2026 21:31:54.106","11395","64.010912683794956024","0","0","0","0","0","96387072","0","0","0","70115328","1.5603024700012502191","43","4.8215493299237355274"
"01/27/2026 21:31:55.103","11392","64.015992652628568749","0","0","0","0","0","107159552","0","0","0","81117184","3.1336630113950012522","43","1.2896151410574541174"
"01/27/2026 21:31:56.107","11375","64.044296872812395804","0","191652.22893577121431","0.00015568333333333334088","11.946407222558878658","0.18598557571455665016","118534144","0","0","0","93200384","1.5555211543410489838","43","3.5576884308549661107"
"01/27/2026 21:31:57.105","11371","64.0751465372916158","0","0","0","0","0.067868783809043237154","130277376","0","0","0","105025536","0","43","5.9884976049378924046"
"01/27/2026 21:31:58.107","11358","64.108791822592920084","0","110285.84649014337629","0.00029033333333333336121","2.9916950545286287166","0.08685816082282102335","142499840","0","0","0","117673984","1.5581616106275297806","43","4.9521417517206849368"
"01/27/2026 21:31:59.106","11360","64.091822333655272814","0","41028.903941278986167","0.0001168571428571428593","7.0117755759021704876","0.081937663468393248656","153161728","0","0","0","128679936","3.1302591483952189044","43","1.3968368255506069531"
"01/27/2026 21:32:00.108","11346","64.119256326025180215","0","0","0","0","0","164245504","0","0","0","139956224","1.5596997151314528907","43","4.8583173769813692289"
"01/27/2026 21:32:01.106","11394","64.137433274681072248","0","45141.516088077252789","0.00024409999999999999732","3.0056939866883825019","0.199841617552878964","156962816","0","0","0","145809408","10.958426210691937897","43","2.9396535624428454803"
"01/27/2026 21:32:02.108","11186","64.600689421547741631","0","8176.7519928836700274","0.00032000000000000002618","1.9962773420126147528","0.063877527616301263413","317206528","670.74918691623850009","1006.123780374357807","2.9944160130189221292","297693184","99.808636900470730779","42","17.343406865969413388"
"01/27/2026 21:32:03.106","10722","66.327606855502267535","0","270664.88490164402174","8.4250000000000001429e-005","26.031631034870471808","0.21932538495334744089","808951808","2177724.15261784615","2177836.2888746117242","1.0012165782642488132","949456896","111.07696824132379732","51","6.1350623838890676609"
"01/27/2026 21:32:04.105","10609","66.283246866958961618","0","0","0","0","0","920911872","0","0","0","934006784","100.16787133557127731","51","6.0926206229019230776"
"01/27/2026 21:32:05.108","10745","65.813529250634260848","0","48981.314812273667485","0.00010804999999999999718","7.9722192077268339006","0.30873040922774841466","789962752","0","0","0","771710976","99.661181879962697394","51","1.8960240869117295226"
"01/27/2026 21:32:06.106","10746","65.810972933147795061","0","0","0","0","0","789962752","0","0","0","771710976","100.21529251290547791","51","6.0481632691511189037"
"01/27/2026 21:32:07.107","10751","65.770594255479650769","0","4091.6109289565088147","0.00062169999999999998701","0.99892844945227265985","0.062102072752822964907","789962752","0","0","0","771710976","99.890739509124912843","51","3.2308461005352340223"
"01/27/2026 21:32:08.108","10763","65.72810527070613773","0","118684.13916530630377","0.00029340000000000003013","2.9974779220763645426","0.087946063744210239976","789950464","0","0","0","771670016","99.916000618280207846","50","3.2049140229826300619"
"01/27/2026 21:32:09.109","10763","65.708198762896515177","0","0","0","0","0","789950464","0","0","0","771670016","99.936770005617447055","50","0.064738062682989649943"
"01/27/2026 21:32:10.105","10764","65.707176240558538893","0","0","0","0","0","789950464","0","0","0","771670016","100.34158281622298148","50","2.794091646783980476"
"01/27/2026 21:32:11.107","10764","65.708655623185592276","0","130780.49028714993619","0.00085130000000000003845","0.99777595739097546534","0.084942870855505323013","789950464","0","0","0","771670016","99.780184254088240436","50","0.21981574591175556677"
"01/27/2026 21:32:12.107","10737","65.755332602596681113","0","1213328.4229740765877","0.0013396499999999999554","44.033112900901478781","17.437400217985516093","789950464","0","0","0","771670016","100.07598769745868594","50","10.869823456950866714"
"01/27/2026 21:32:13.107","10751","65.702716299729118532","0","67073.428664030550863","6.7353333333333337859e-005","15.00031950680549464","0.33861335227218747335","789950464","0","0","0","771670016","100.0009900098011002","50","3.1240409280051895102"
"01/27/2026 21:32:14.107","10751","65.704435008974854782","0","49141.179112359459396","9.6600000000000003464e-005","8.9980186362962868429","0.086918548502229645014","789950464","0","0","0","771670016","99.975326089521104223","50","3.1489028507764249554"
"01/27/2026 21:32:15.107","10755","65.701291306340436904","0","350660.98375643382315","8.6031034482758625219e-005","28.995120121283591175","0.24944285530034823739","789950464","0","0","0","771670016","99.98110357142499538","50","3.1401101428177202735"
"01/27/2026 21:32:16.107","10757","65.689967425002237178","0","0","0","0","0.041078963429820383735","789950464","0","0","0","771670016","100.02182476216310647","50","1.5442659980628437033"
"01/27/2026 21:32:17.107","10995","65.110350624916691231","0","45057.198521480670024","8.7830000000000004422e-005","10.000266007075788721","0.087829200754273140106","668336128","1120.0297927924882515","1680.0446891887324909","5.0001330035378943606","673898496","634.36922724003204621","41","45.309705325942154275"
"01/27/2026 21:32:18.100","10835","65.573639414639600886","0","137164.45483544687158","9.0741666666666672292e-005","12.085683872954081863","0.10967126519184715316","833945600","676.79829688542861277","1015.1974453281428623","3.0214209682385204658","854089728","122.74943011531244963","41","10.303931822427713882"
"01/27/2026 21:32:19.095","10618","66.200988359330452226","0","0","0","0","0","1061310464","1125.0692244043989376","1687.6038366065981791","5.0226304660910665589","1091837952","98.884596816044052048","41","8.9633870582451535824"
"01/27/2026 21:32:20.114","10380","66.903318503616219459","0","0","0","0","0","1317523456","1319.6504693645204043","1979.4757040467807201","5.8912967382344660905","1360404480","101.25514155198776223","41","11.01820893916227817"
"01/27/2026 21:32:21.099","10134","67.621127881021507733","0","0","0","0","0","1574141952","1137.0409463673013306","1705.5614195509522233","5.0760756534254527494","1630420992","99.933565434696674856","41","7.9955590154301425798"
"01/27/2026 21:32:22.094","9912","68.278478008759776685","0","0","0","0","0","1805234176","899.70986365178180222","1349.5647954776725328","4.0165618913025973313","1878568960","98.84850218724434967","41","2.7227293024845611313"
"01/27/2026 21:32:23.114","9696","68.911287646952843033","0","27614.554556935945584","0.0003468999999999999753","1.961260977055109711","0.068035062474485624717","2037628928","658.98368829051685225","988.47553243577522153","2.9418914655826644555","2132140032","101.12591262152392346","41","5.0029305676593356367"
"01/27/2026 21:32:24.088","9446","69.665766337342972747","0","0","0","0","0","2302824448","919.80954604216526604","1379.7143190632477854","4.1062926162596662394","2415419392","99.44998894886057883","41","5.3621072906004147995"
"01/27/2026 21:32:25.093","9178","70.44045612459080985","0","0","0","0","0.19130000251946385759","2582384640","1115.342108287370138","1673.013162431055207","4.9792058405686168143","2711367680","99.583551545790655268","41","8.1964134187242354557"
"01/27/2026 21:32:26.100","8998","71.104953012220789788","0","131060.24399771049502","0.00045479999999999999594","1.9843181322327776428","0.090251158376991283405","2766368768","4889.3598778215646234","7334.0398167323464804","21.827499454560555847","2954424320","100.77103422013166778","41","10.076725266708708162"
"01/27/2026 21:32:27.096","8926","71.423402864351729136","0","0","0","0","0","2841747456","1799.7208022416166386","2699.5812033624247306","8.0344678671500737721","3075321856","98.868805276136612292","41","12.121074862700476515"
"01/27/2026 21:32:28.090","8895","71.586299075648724966","0","115415.51012653157522","0.00028796666666666665508","3.0190301546769906516","0.086928697136152741076","2877227008","3606.7346914541117258","5410.1020371811673613","16.101494158277283475","3133210624","102.19580741857289752","41","10.38213810986684571"
"01/27/2026 21:32:29.107","8769","72.043594175959839276","0","0","0","0","0.077168620664255921371","2935410688","2863.6250680873081365","4295.4376021309617499","12.784040482532624594","3225677824","99.878144975321674792","41","13.951136636645944833"
"01/27/2026 21:32:30.105","8466","73.232774593223069814","0","354789.38736084837001","9.315000000000000092e-005","18.024659536712174912","0.16788561549598146616","3104595968","0","0","0","3503640576","100.12859515475724947","41","24.900485633512971617"
"01/27/2026 21:32:31.107","8442","73.331458697405508929","0","3272347.3170057502575","0.0031957500000000002398","5.9918468939314273314","2.832207999519033681","3167928320","12303.258955539198723","18454.888433308795356","54.925263194371417796","3563728896","99.868403404833443915","41","15.739467932813278495"
"01/27/2026 21:32:32.111","8403","73.396954399858827855","0","136061.19250214289059","0.00013690769230769231617","12.938871595036410156","0.17714236461468302331","3206610944","445.89342112125478934","668.84013168188209875","1.9905956300056015795","3600154624","99.529365442568277444","41","20.687536912953408574"
"01/27/2026 21:32:33.103","8341","73.596617829426335788","0","4329182.2302357004955","0.00056137187500000004358","32.272649020721765112","1.811733754338871405","3273838592","1129.5427157252615871","1694.314073587892608","5.0426014094877755767","3668025344","100.8541438295064836","41","13.328470146517879868"
"01/27/2026 21:32:34.094","8297","73.715926397991353269","0","3174102.8928102776408","0.0020274833333333332208","6.0541208130078842942","1.227438753682851047","3323801600","2034.1845931706488955","3051.2768897559735706","9.0811812195118264412","3713888256","99.323465310570284714","41","11.712475279493073543"
"01/27/2026 21:32:35.107","8292","73.736344178611489042","0","105174.05676313841832","6.54117647058823445e-005","16.788977660882597576","0.10981905828774904399","3329404928","1990.9752331964305085","2986.4628497946459902","8.8882822910554928342","3718004736","100.30124197256755281","41","10.500430239862801329"
"01/27/2026 21:32:36.109","8292","73.747135017473979701","0","3139086.9476535441354","0.0020241999999999998709","5.9873331978865511616","1.2119597350596862384","3320193024","2458.7981665987435917","3688.1972498981153876","10.976777529458678018","3704479744","101.34840150182738228","41","11.125247913782132514"
"01/27/2026 21:32:37.108","8295","73.748973378387503885","0","1864122.1697786715813","0.0013898199999999999443","5.0011862813859453425","0.69509385232393960941","3322634240","4032.9566173096259263","6049.434925964438662","18.004270612989401457","3704479744","100.02645699787593969","41","10.913936736266737881"
"01/27/2026 21:32:38.107","8264","73.746373568136803556","0","123046.35867693120963","0.00029179999999999999124","3.0040614911360159489","0.087655916183561138899","3353731072","3588.8521280771606143","5383.2781921157402394","16.021661286058751728","3704479744","100.13241510573583071","41","9.2549988104269065303"
"01/27/2026 21:32:39.105","8255","73.729153902672493359","0","0","0","0","0","3372011520","3815.1155720534366083","5722.673358080154685","17.03176594666712873","3704483840","100.18795259907587081","41","7.6392311977269367063"
"01/27/2026 21:32:40.108","8246","73.723965155362151336","0","106194.93735260536778","0.00028513333333333334323","2.9915190435116447709","0.085294386285252987712","3379941376","3797.2348392307808354","5695.8522588461719351","16.951941246565986887","3704483840","99.71286682868013429","41","9.63187140552977894"
"01/27/2026 21:32:41.107","8201","73.72801172866671493","0","2364718.095375535544","0.00093906896551724139584","29.022559235293591939","2.7383549634516382021","3385401344","478139.65795612928923","59993269.76859112829","2228.7323936896150371","3705380864","150.11649039654773219","41","29.633747219500971681"
"01/27/2026 21:32:42.103","8191","73.731449123875108853","0","45249.868536758891423","0.0006897999999999999618","1.0043028350665590409","0.069280365022555287502","3385413632","712220.43724131665658","1860524.2300110592041","3822.376590263324033","3705393152","133.39081588225752739","41","32.521634505536113124"
"01/27/2026 21:32:43.105","8197","73.674590460414663085","0","10769392.93756887503","0.0012150461538461539233","77.859230511235679728","9.4599499081889693031","3385450496","707961.00650024751667","1814075.1521249581128","3776.1726797949304455","3705397248","146.6051878123501524","41","26.697406093824927353"
"01/27/2026 21:32:44.105","8206","73.67389427350691733","0","8964501.7032879590988","0.00057407555555555561493","134.9752725300724876","7.7487313859705126973","3385454592","710156.89925605629105","1835702.6992654947098","3780.3074476755859905","3705397248","137.47713755202511265","41","31.261431223987447225"
"01/27/2026 21:32:45.105","8210","73.673600580932941284","0","8996869.7105756998062","0.00080313560606060606633","131.97004280028434664","10.598958598897413097","3385462784","703095.3973448027391","1842493.7539178607985","3749.1489431898958173","3705405440","146.84131460243020229","41","32.827909277611709626"
"01/27/2026 21:32:46.106","8225","73.640390409538611038","0","0","0","0","0","3385470976","701030.65371630515438","1831356.0794334874954","3744.5239086752008006","3705409536","151.50447378653976216","41","31.276321168992271993"
"01/27/2026 21:32:47.106","8234","73.617949353907704335","0","8957696.3511126283556","0.00062185748031496062161","126.93833335765484094","7.893628976979351286","3385487360","699301.27943844872061","1792399.2524431629572","3745.1805912687614182","3705413632","156.17163307452318577","41","32.846197777955019603"
"01/27/2026 21:32:48.107","8239","73.617905837860391216","0","9938171.0329610593617","0.0002836638888888888977","143.89984570738764091","4.082011173675646809","3385487360","709383.26924460567534","1838536.3786804382689","3789.3626036278747051","3705413632","149.89905797436006196","41","21.92757397168746536"
"01/27/2026 21:32:49.108","8234","73.619733325582870975","0","4722118.0751299634576","0.00021927107438016529774","120.88055792071853034","2.6504897529008055734","3385503744","713169.31739747954998","1841499.4144286029041","3797.2479393111666468","3705413632","146.72607303586860894","41","34.441541835037433827"
"01/27/2026 21:32:50.107","8233","73.610748204777650017","0","0","0","0","0","3385507840","712406.68731175595894","1853210.6529621593654","3800.6551376791826442","3705413632","142.3274363354049683","41","23.362149665551168454"
"01/27/2026 21:32:51.106","8222","73.615545354228359543","0","4660295.3692265432328","0.00023683454545454546598","110.07424507830532434","2.8110694092459560522","3385516032","713292.11553192627616","10215671.470406789333","3766.540531588556405","3705417728","146.93246528717381238","41","29.659990022097638018"
"01/27/2026 21:32:52.107","8210","73.614022432270928675","0","8484982.8137039877474","0.0039004428571428571837","13.990065654378824433","5.5536146841798110785","3385528320","733726.98047116736416","27015670.172610428184","3785.3120499133565318","3705417728","149.89567261186215319","41","28.174990206816051597"
"01/27/2026 21:32:53.096","8189","73.674840660224390376","1","28986.805402715108357","0.00022921666666666669072","6.0658772466619224062","0.13904097214843424979","3385593856","722615.82464034156874","23067720.363463323563","3857.8979288769828599","3705417728","134.27164337572838804","41","41.552343471741757241"
"01/27/2026 21:32:54.106","8185","73.677037976141320996","0","9049535.8860253747553","0.00023766320474777447133","333.65632982195523937","7.9294480349760014803","3385597952","738246.807270302088","5923064.1967649590224","3926.6498637206959756","3705421824","157.7870313168274663","41","25.746191373647942413"
"01/27/2026 21:32:55.107","8193","73.667748289571093778","0","12101243.712429301813","0.00031502820512820513222","350.6623472258562515","11.046750349310400452","3385597952","731268.86121353751514","1730138.0500715861563","3896.2483025095134508","3705421824","146.73234681242894339","41","29.753973814579261159"
"01/27/2026 21:32:56.106","8197","73.671512020209689808","0","9409318.9491815753281","0.00046907947598253275229","229.31914345194206817","10.756819270371391184","3385597952","682981.50536101090256","1670860.336330070626","4054.6428464494038053","3705421824","129.86737930707823807","41","23.330929992689842578"
"01/27/2026 21:32:57.106","8189","73.668390063957403413","0","0","0","0","0","3385602048","639909.08786523889285","1579287.5051285496447","4149.8151223380882584","3705421824","126.50343554594360285","41","32.846915955572761447"
"01/27/2026 21:32:58.107","8193","73.63537572641749307","0","8313593.0557949626818","0.00022954146341463415736","245.96192509399546111","5.6458488455231359282","3385606144","635243.66428076929878","1580454.3456672907341","4155.3567507749803553","3705425920","134.35426913627225076","41","21.887052827748675554"
"01/27/2026 21:32:59.107","8212","73.575677926087678316","0","4296367.1648142784834","0.0017089583333333333796","11.999059273752937571","2.0505519166848484858","3385610240","725066.1548134626355","5979708.1908778352663","3946.6905794585704825","3705430016","148.42316232251963015","41","25.007244300200603959"
"01/27/2026 21:33:00.106","8252","73.461318801497426989","0","10648108.854902390391","0.00036156298701298702613","308.19394645050130066","11.143045345200421892","3385610240","720904.66530587698799","5957482.0434499429539","3915.4640014961419183","3705430016","146.9660748766010272","41","42.151651378359169087"
"01/27/2026 21:33:01.107","8245","73.462656786074546744","0","0","0","0","0","3385610240","738368.33458186208736","5971947.402203050442","3920.8562287135509905","3705430016","148.24476697845133799","41","28.218323357802521656"
"01/27/2026 21:33:02.107","8255","73.463472624650108855","0","10026832.491504179314","0.00034494556574923547574","327.12790701164158236","11.284091457030454464","3385610240","735274.49232649966143","1796272.3424859121442","3935.5387956691065483","3705430016","123.4853382200264349","41","12.466089363019229097"
"01/27/2026 21:33:03.107","8255","73.449733870441505701","0","7796265.1844468135387","0.00017896167247386757606","287.05807184793485476","5.1369171136290621149","3385610240","661372.79571657348424","10034154.909538200125","4107.8310142141754113","3705430016","150.02470906958376418","41","28.108184504355570255"
"01/27/2026 21:33:04.102","8244","73.522517730836412397","0","11423832.143688943237","0.00015366815365551426292","810.49347000375723837","12.455436556772884416","3385671680","642979.43425547133666","31201949.764068063349","4121.7660481975453877","3705438208","139.66919504945582275","41","34.093275113801460918"
"01/27/2026 21:33:05.107","8233","73.523116012458473278","0","0","0","0","0","3385671680","640731.61630296625663","5944267.0006540464237","4029.1889256627578106","3705438208","127.53127813464415397","41","33.123841953784157965"
"01/27/2026 21:33:06.106","8238","73.520722885970187122","0","10451561.874567780644","0.00020501098901098900834","546.51421522510531759","11.203950209203261679","3385671680","724013.22404250164982","10312449.984190125018","3905.6748494658627351","3705438208","156.39447721805404967","41","31.184639170283933396"
"01/27/2026 21:33:07.107","8237","73.505939863041490412","0","12420756.400261098519","0.00024187659574468085432","516.55901357011521213","12.494680651760669221","3385671680","737619.29440836363938","1935475.6844082206953","3948.6290553754261055","3705438208","138.94752092643335573","41","25.063957911922173594"
"01/27/2026 21:33:08.106","8238","73.503394418746097472","2","5254583.6382454391569","0.00038778800000000002157","125.08359336544612006","4.8506435869955701889","3385675776","646770.23654908570461","1757666.6486212734599","4119.7532310843334926","3705438208","148.53835754477287878","41","31.20328703189465358"
"01/27/2026 21:33:09.107","8238","73.47495965042034527","0","1890922.2736688789446","4.0785943775100405096e-005","248.81187334256568988","1.0148037217097369833","3385679872","646674.0497509832494","5961920.1921427203342","4096.9023321466638663","3705442304","145.20285732243581833","41","29.740552908498795404"
"01/27/2026 21:33:10.107","8257","73.449429281393392444","0","12603932.430661311373","0.0075874599999999998642","14.995769693369501496","11.378063308202905901","3385679872","645699.84807285864372","1774447.4283804539591","4118.8380757788227129","3705442304","156.20707429598346039","41","37.517170281606617266"
"01/27/2026 21:33:11.107","8255","73.455401224423056306","0","12068186.831245079637","0.00027742693965517246143","464.36796517560514985","12.882410938241815046","3385688064","735841.08047216618434","10388753.047915168107","3921.1070852543557521","3705442304","143.85944826824248821","41","31.197655176057949689"
"01/27/2026 21:33:12.107","8258","73.426030965853954058","0","0","0","0","0","3385688064","735790.75217920681462","1968282.279914725339","3913.0045949825407661","3705442304","137.39523613244901412","41","25.057143927755088697"
"01/27/2026 21:33:13.105","8259","73.438986524343249584","0","11474312.430410953239","0.00032581509433962261776","371.70933292001126347","12.110950636895610799","3385688064","724972.46495487331413","1968220.9560504308902","3876.3973290229746453","3705442304","156.55002812890904806","41","31.117987623280018994"
"01/27/2026 21:33:14.106","8258","73.438747197724580928","0","10122618.759597938508","0.00043586516853932584861","355.76139083516687833","15.517454340500544063","3385688064","713211.64894705126062","1967360.4913184728939","3896.386693444706907","3705442304","126.47801268752473902","41","25.050066555540894342"
"01/27/2026 21:33:15.105","8263","73.428271797818183586","0","9624246.0268020424992","0.00045226769230769230546","195.13864600798865467","8.8253659848718655212","3385688064","638423.59996777703054","14401316.135113997385","4107.9186762194540279","3705442304","142.28658838014794696","41","32.765678018171854546"
"01/27/2026 21:33:16.106","8245","73.491015395496745555","0","49123.110698598153249","0.00035659999999999999424","1.9988244913166564043","0.071278815100634843049","3385688064","660224.72184108523652","22830012.669549036771","4126.5731623232377387","3705442304","143.66698921363237673","41","21.920114557808499711"
"01/27/2026 21:33:17.107","8237","73.49823831429198151","0","9528464.2821826934814","0.00012933269754768393568","733.14442046132171527","9.481764197720885079","3385688064","663468.73198976798449","14425765.132090851665","4118.1940675232008289","3705442304","135.77631993061035587","41","20.40698486826288871"
"01/27/2026 21:33:18.107","8245","73.494485456844444116","0","10700252.231917293742","0.00037792108843537412484","294.15384245960638054","11.116788573126616058","3385688064","746046.18215326615609","6092249.2463558446616","3960.0711171942930378","3705442304","145.38977466523456883","41","29.650109032951011301"
"01/27/2026 21:33:19.107","8253","73.484347265559321727","0","11787184.106969796121","0.00026403530701754384996","455.87809819654222565","12.03611511314938376","3385688064","735510.32453921821434","6048117.7333181109279","3992.9322899056792266","3705442304","148.38948116389536835","41","28.143445577520253664"
"01/27/2026 21:33:20.108","8247","73.485794028613199202","0","0","0","0","0","3385688064","741179.80620023724623","1823784.3091929613147","3957.5854771004210306","3705442304","148.35651218000094786","41","26.607474939357167898"
"01/27/2026 21:33:21.106","8246","73.450343025254625218","0","9500665.0805103778839","0.00044792857142857139688","224.22943155436641405","10.04387086234383375","3385688064","738002.12377304455731","1823500.8060247246176","3997.0898223061835779","3705442304","156.40994480956226198","41","24.92322649141011226"
"01/27/2026 21:33:22.107","8251","73.429359605868654626","0","8700328.4613892938942","0.00017130979729729729831","591.75028138125719579","10.137241809472783416","3385688064","729794.02692063956056","5961963.0515922289342","4010.3076501716277562","3705442304","142.12723805106634245","41","28.155462084076354756"
"01/27/2026 21:33:23.107","8257","73.429359605868654626","0","9442443.3090156707913","0.00056637777777777779942","189.02328766904082613","10.705877164057790552","3385688064","663223.70916096866131","1681838.2024665437639","4122.5078929724140835","3705442304","151.58143252092187936","41","32.804107232993395371"
"01/27/2026 21:33:24.107","8255","73.429196438153553572","0","352138.45618332602317","3.6866071428571427302e-005","55.981313437574542036","0.20638016095353334256","3385688064","667304.25384006823879","1702406.7366313126404","4144.6165270032861372","3705442304","139.01545716929391006","41","28.14931427205033998"
"01/27/2026 21:33:25.107","8260","73.433406155890182276","0","8150276.6481214175001","0.00025212078651685391594","356.1456279472676556","8.979070078263116983","3385688064","667829.07530889380723","1682241.8687001115177","4135.6910840842820107","3705442304","129.73908425990171622","41","14.028317659101263715"
"01/27/2026 21:33:26.108","8361","73.13167561617019885","0","10759175.221927553415","0.0012532486842105263359","75.935007227314144984","9.5163508217748784546","3385688064","714585.38636780786328","14316983.094169700518","4012.5656450643896278","3705442304","138.94074622408382425","41","40.676048260471866058"
"01/27/2026 21:33:27.108","8362","73.13634221747898323","0","0","0","0","0","3385688064","755960.16281049617101","18648620.079941190779","3948.157531485506297","3705442304","148.44657008543222787","41","34.372027052825494309"
"01/27/2026 21:33:28.105","8352","73.127074254007794707","0","9321504.4693941622972","0.00074525704225352114047","142.29750138614801358","10.604879949349827584","3385688064","764253.8254729162436","22973187.042149022222","3975.3111830904872477","3705442304","145.61774391479417545","41","20.145108175758018376"
"01/27/2026 21:33:29.106","8278","73.328325867962163898","0","12569439.198358025402","0.00022335847701149424038","695.48117104639948138","15.689795510474310092","3385688064","745740.67745461896993","6070951.0705014066771","3958.0472967166497256","3705442304","153.0236218505240231","41","40.664309894694760317"
"01/27/2026 21:33:30.105","8175","73.68937350662643837","0","10513108.143749916926","0.00030956630434782607224","276.26120496929848969","8.7681843687647553764","3385688064","692105.38564212468918","1724677.6827490392607","3690.4893576876938823","3705442304","136.06559214844855887","41","64.028636558456128114"
"01/27/2026 21:33:31.104","8221","73.489525139678619325","0","520647.93139352131402","0.0015659999999999999008","1.0008764675226096141","0.22650505462963238523","3385688064","721552.8638428671984","1803442.2743996919598","3857.3779058321374578","3705442304","142.30376217369590108","41","35.885118141521623158"
"01/27/2026 21:33:32.106","8205","73.586555797044781002","0","9369074.7735941242427","0.00012966219135802470146","646.97377020569967954","8.3888765472467188289","3385688064","727363.25640269403812","6069106.1837713019922","3864.8695439294192511","3705442304","148.20370864960523249","41","40.718516540157899897"
"01/27/2026 21:33:33.106","8207","73.589612490867637007","0","10195611.812573723495","0.00030411058394160585825","274.0179481756055111","8.3328533204689883007","3385688064","707069.31304000411183","1776870.3850102182478","3977.2605105634420397","3705442304","137.50368509876065559","41","29.683527119282238971"
"01/27/2026 21:33:34.103","8213","73.585500655133628811","0","10946178.488288458437","0.00033489974937343357925","400.25913518747273656","13.497825348744241225","3385688064","643366.90360536170192","1612611.9546870545018","4125.9795063310157275","3705442304","136.37027105519365477","41","31.033182117942391898"
"01/27/2026 21:33:35.105","8212","73.578451777244552545","0","0","0","0","0.30544687828980870981","3385688064","645920.80235724058002","1647998.4613332671579","4175.8680912501995408","3705442304","143.4011194165714187","41","20.505901192987586512"
"01/27/2026 21:33:36.106","8218","73.579691856536015848","0","11429971.967953160405","0.00022349675090252709114","553.31007766416064442","12.365797798754323722","3385688064","685319.4751464399742","10103586.837572231889","3994.0198566407548242","3705442304","131.08121982135801886","41","29.775056459606162207"
"01/27/2026 21:33:37.106","8222","73.551572550449421328","0","10880158.344429560006","0.00024239960629921259859","508.43807024131990602","12.324839527564666497","3385688064","734023.43459124385845","14523976.85846124962","3963.4148782591082636","3705442304","139.18604153046243255","41","26.500260420524103466"
"01/27/2026 21:33:38.105","8224","73.519722133297406685","5","8451719.1047615930438","0.00062652171428571423566","175.09826514640016626","10.970321649539000575","3385692160","741334.03666137438267","10391676.809025226161","3914.1966471583855309","3705446400","146.95794306306478916","41","37.464705079546902766"
"01/27/2026 21:33:39.105","8220","73.516567534188865807","0","4030029.9657726860605","0.00025596335078534033884","190.97943151522579797","4.888216627315500773","3385692160","733551.99644998228177","14514916.743466727436","3852.5850765872514785","3705446400","149.97903293119620116","41","26.570584578637891582"
"01/27/2026 21:33:40.108","8213","73.585391876656885302","0","6151092.1357134478167","0.0027918600000000001748","14.957484845076354674","4.1760773558400750005","3385696256","736286.18016150896437","14440259.007796239108","3855.0424274043457444","3705450496","158.92925112935751031","41","36.118565537839543822"
"01/27/2026 21:33:41.107","8216","73.565452725991008265","0","12020973.212743533775","0.00024568720472440948397","508.65998633226610082","12.496513146314487841","3385696256","719472.51558897667564","1785323.4571856984403","3841.9849755057184666","3705450496","129.84963024832805445","41","24.903568672532394146"
"01/27/2026 21:33:42.105","8212","73.567225824475116269","0","0","0","0","0","3385696256","721148.07909403520171","1813855.5360864156391","3858.196738971945706","3705450496","153.45643520876387811","41","35.801122324153197951"
"01/27/2026 21:33:43.107","8218","73.564702149844890755","0","10972726.702423078939","0.00029280302267002515388","395.94887452280437401","11.593609107107148759","3385700352","709270.10066376801115","5995612.4476352632046","3934.5549370087233001","3705450496","135.57882621524757383","41","25.197888984690997916"
"01/27/2026 21:33:44.107","8224","73.565931355945281211","0","9133774.5164243169129","0.00094089052631578945236","95.039441368167800306","9.0105913566662430014","3385700352","617594.30163517862093","1614698.0997113802005","4144.7200588244122628","3705450496","134.42902702596174436","41","26.532973602090681453"
"01/27/2026 21:33:45.107","8200","73.638290975624300927","0","10729922.999066483229","0.00028707616580310880549","386.0899203424477264","11.08386663119127391","3385704448","571407.08070909709204","5779685.0886571481824","4237.9870271786294325","3705454592","142.22248673173601219","41","20.292892051444656687"
"01/27/2026 21:33:46.105","8224","73.616372065994966079","0","0","0","0","0","3385716736","573215.56904937978834","1658937.5175761110149","4252.3172424954509552","3705454592","136.14145351150560259","41","35.841383977336448652"
"01/27/2026 21:33:47.100","8219","73.611487907732723102","0","10567858.764713684097","0.00022798756756756759462","557.60289029188254517","12.712150732093640215","3385729024","652757.07000277296174","10257358.348772067577","4138.3176668689438884","3705454592","147.55800172257326608","41","32.498645703060958567"
"01/27/2026 21:33:48.092","8225","73.598140751383766656","0","10416436.922348136082","0.00053727163461538462921","209.82137543157131176","11.273366619032083591","3385729024","657724.44279815373011","14571439.840681016445","4128.8408155837569211","3705454592","154.4694090547672829","41","35.376405641986551132"
"01/27/2026 21:33:49.102","8233","73.600599140301483203","0","8585736.9486130997539","0.00012545989085948158108","725.7728986300219276","9.1054892786698289342","3385733120","666377.34764759475365","6036450.2358415368944","4158.5895965158151739","3705454592","139.2377326978119072","41","21.098618137906598236"
"01/27/2026 21:33:50.093","8216","73.667139111474881474","0","70274.413551480858587","0.00035722500000000002298","4.0369033519922368214","0.14421213687083178634","3385733120","677187.50961918383837","18850930.78375973925","4141.8628391440352061","3705454592","138.77226411742859113","41","25.882995300918821613"
"01/27/2026 21:33:51.105","8210","73.68666491789898032","0","11381638.169149212539","0.00027894565701559021452","443.37078713817879816","12.367556170718973618","3385733120","750391.72648387018126","10396393.232957083732","3956.7633498055288328","3705454592","152.74716799961765901","41","39.82687321227182764"
"01/27/2026 21:33:52.107","8207","73.679006885196784538","0","10729973.141882600263","0.0022963686274509805159","50.914916083732471463","11.691369675021995533","3385733120","750007.66219570476096","6345048.788968754001","3986.3384298498776843","3705454592","163.78078067915379279","41","29.804915318147340741"
"01/27/2026 21:33:53.108","8209","73.67556946670534046","0","9400419.4161849729717","0.00019082725563909774813","531.31110202511422358","10.232128342861274817","3385733120","745139.85166832676623","2144435.5248984163627","3979.8397397933836146","3705454592","156.05795508047796716","41","36.019267376293093719"
"01/27/2026 21:33:54.099","8194","73.681497916970755568","0","4135.833035127923722","5.3699999999999997464e-005","1.0097248620917782524","0.10077925455864321369","3385733120","688259.76747248088941","1997763.8633204114158","4110.5899135756289979","3705454592","156.18966976796033919","41","33.737715856016826876"
"01/27/2026 21:33:55.103","8203","73.6523669617372434","0","10136598.536697486416","0.00038810072463768113251","274.8621805175296231","10.667320221668276758","3385733120","660006.83570292417426","1939341.9002696436364","4102.0192809844365911","3705454592","149.38020658485874037","41","34.646159619124297535"
"01/27/2026 21:33:56.107","8216","73.629458149343136597","0","10761314.931790962815","0.00022894880382775121869","624.4506800984978554","14.29654706940549147","3385733120","677473.2155973239569","6065321.3256878796965","4203.8378320506535601","3705454592","143.16375872439945738","41","26.861992825578539623"
"01/27/2026 21:33:57.107","8215","73.613837518173696139","0","0","0","0","0","3385733120","714222.99420466448646","6205074.3488698359579","4169.3852511972108914","3705454592","146.89114333665270351","41","26.553965570799331175"
"01/27/2026 21:33:58.106","8222","73.608757549340083415","0","10223832.412511598319","0.00042215743944636676408","289.12195163920142704","12.205545900890008681","3385733120","764705.5528021720238","10465172.209638025612","4024.6976174550427459","3705454592","159.44287483181588527","41","37.47377650186488296"
"01/27/2026 21:33:59.105","8234","73.567497770666960832","0","9021694.9377210512757","0.0006260585937499999875","128.1490758199012987","8.0228862327090038065","3385733120","767464.79179229191504","10492934.430623143911","4056.7191814237503422","3705454592","140.78883596841643566","41","34.298543214738998586"
"01/27/2026 21:34:00.096","8239","73.566290310948687647","0","11044346.263615325093","0.00024998416833667334684","503.55180619693658173","12.588079247254817972","3385733120","748821.90068908897229","10504691.104772480205","3953.739432223642325","3705454592","141.90867751506576155","41","41.659765910472955852"
"01/27/2026 21:34:01.090","8240","73.569890897155246989","0","65902.006564055453055","0.00016630000000000000359","1.0055848169564125527","0.016722091904536665746","3385733120","749552.86671114037745","10523279.187954060733","3970.0488573439170068","3705454592","142.97489132148569979","41","21.438630875196274417"
"01/27/2026 21:34:02.106","8250","73.557424841811283045","0","11411477.928586313501","0.00019542072829131651858","702.90029064041004858","13.736588454742094001","3385733120","739061.26189503690694","14382987.922814458609","4016.5730893737718361","3705454592","149.21133227395952758","41","27.705092101374617641"
"01/27/2026 21:34:03.106","8241","73.566127143233586594","0","12637936.849253848195","0.00033720262529832932498","419.19479982347797886","14.13523283912807571","3385733120","669927.31522338429932","6016259.7559085702524","4154.9307963410592492","3705454592","150.06840117725658956","41","23.402586899108612783"
"01/27/2026 21:34:04.106","8247","73.557664168429951701","0","10124307.373945007101","0.00014211002747252746039","727.63341828386865018","10.340544167412383914","3385733120","663300.82904232852161","1769759.3952166899107","4158.9047437900790101","3705454592","134.30920192197842766","41","20.351519790454652536"
"01/27/2026 21:34:05.109","8246","73.528554959578571015","0","0","0","0","0","3385733120","677176.73285492823925","10163742.965447761118","4202.3237293807278547","3705454592","144.97535980078328066","41","26.732882681324575458"
"01/27/2026 21:34:06.108","8252","73.503144242219434545","0","9980735.6300343964249","0.00032271467181467180553","259.28762776548023794","8.3676231645821808058","3385733120","754796.29553063213825","1903505.5587162838783","4024.4643382904655482","3705454592","142.34593102122664732","41","24.916431988803534381"
"01/27/2026 21:34:07.107","8261","73.483781626793515329","0","6305711.3344156285748","0.00014825326370757180273","383.05730537288377491","5.6789989855394109597","3385733120","751303.3949878901476","1899300.1353002409451","4021.6016316040877427","3705454592","142.21001184487505498","41","20.299883471553549441"
"01/27/2026 21:34:08.107","8264","73.485924553472074194","0","9038958.1691177729517","0.00073350489510489510093","143.1152363883398948","10.497416107950112263","3385733120","755032.95253337989561","10332017.340362459421","3986.2096960472572391","3705454592","137.60875219686116111","41","29.631888081150535186"
"01/27/2026 21:34:09.107","8262","73.483640205460517336","0","229323.55370326802949","0.00016939999999999999763","2.9993140568751925912","0.050809990431884922979","3385733120","755010.32913772610482","6098625.2444066032767","3997.085866462339709","3705454592","143.72168682769495263","41","32.825733330533878984"
"01/27/2026 21:34:10.107","8254","73.553737246793176041","0","10389091.86304683052","0.00029742534059945503148","366.91311497437408207","10.912661795271434428","3385733120","749479.5232488947222","1867517.7717916399706","4005.051603780224923","3705454592","137.46412186419345858","41","23.457477598346830661"
"01/27/2026 21:34:11.107","8259","73.55073494220867758","0","7771335.2081617647782","0.00028901301587301586604","315.04958880527794918","9.105547177382494084","3385733120","753099.53786726028193","1861732.0366225643083","4024.6334773093285548","3705454592","129.71082200579664345","41","24.986512574960972444"
"01/27/2026 21:34:12.107","8259","73.544175590748011473","0","0","0","0","0","3385733120","761776.8694205355132","1847257.6632643265184","4064.6097974594435982","3705454592","139.05621465909740664","41","25.003389846778922845"
"01/27/2026 21:34:13.107","8265","73.548189521196334795","0","7095250.3469975283369","0.00036114941176470589023","169.92533480788540601","6.164927592347480001","3385737216","753700.8238579967292","1636298.0106541183777","4040.2247252557222055","3705458688","135.86648258955045776","41","17.230763479929045445"
"01/27/2026 21:34:14.102","8496","72.850373706978359678","0","8279842.4809748930857","0.00021652010309278348988","389.91847688999416732","8.442640208106903188","3133726720","476114.57895135646686","1185209.4676225967705","2532.4602107288278603","3434455040","114.62813251991954644","41","21.487580465808530761"
"01/27/2026 21:34:15.102","8830","71.770635589903832852","1","4223427.0620102221146","6.0866160849772388026e-005","659.07038871751501574","4.0114827528683880686","2783662080","0","0","0","3027333120","100.01004100811721287","41","12.491214117897442293"
"01/27/2026 21:34:16.106","9008","71.325436716742217413","0","0","0","0","0","2602901504","0","0","0","2867236864","99.610880058140878646","41","5.0583799445844785936"
"01/27/2026 21:34:17.106","9247","70.627968961053525732","0","3547437.1774163627997","3.4005872756933113333e-005","613.05204811888529548","2.0847574265282919903","2308984832","0","0","0","2547482624","100.0094708968939301","41","6.241121034161933423"
"01/27/2026 21:34:18.107","9520","69.790339788838835489","0","2700274.935885750223","3.2701167315175099187e-005","513.41342516175268429","1.6788782307873248989","2031820800","0","0","0","2233516032","99.883286379865126037","41","3.2380663195056613723"
"01/27/2026 21:34:19.107","9746","69.093383305960657026","0","4037786.1911667422391","9.2841875000000001223e-005","160.12794222583843862","1.4867148263240810291","1800921088","0","0","0","1985425408","100.08380016587889827","41","0"
"01/27/2026 21:34:20.107","10033","68.115244565558441536","0","0","0","0","0","1507934208","0","0","0","1625628672","99.967310689404570212","41","3.156667769639331933"
"01/27/2026 21:34:21.106","10360","67.2421208739378784","0","3155515.1128895659931","0.0021377750000000001786","4.0020230226379434058","0.92649408702433033724","1169424384","0","0","0","1298059264","100.05119619709405754","41","6.2020035652243237223"
"01/27/2026 21:34:22.105","10822","65.711451244007662353","0","2099325.2214692649432","0.0029182000000000001341","2.0020725454991006309","0.58424907966555139627","682590208","0","0","0","719970304","100.10435879404278126","41","9.2804248428987268227"
"01/27/2026 21:34:23.111","11290","64.376017745671802572","0","1899332.6828896303196","3.7539171974522297307e-005","311.78402621210011603","1.1703957290529867219","197574656","3013618.0113461585715","3013729.2209351258352","0.99294275863726155773","192450560","783.48339310603125796","42","53.401872096563842263"
"01/27/2026 21:34:24.091","11281","64.34932343297388968","0","4183.7063838906060482","5.1199999999999997683e-005","1.0214126913795424922","0.0052294914309369564323","199487488","5291289.5355656920001","5291289.5355656920001","0","182243328","1383.6575532905094406","42","96.81186927296948852"
"01/27/2026 21:34:25.107","11307","64.291213817030936184","0","2925371.0229666647501","0.00092301111111111103745","8.8659547436355001793","0.88779256408584172888","182259712","5476760.313149462454","5476760.313149462454","0","165285888","1397.6893375243162154","42","96.921521656873494521"
"01/27/2026 21:34:26.108","11303","64.27447275823784878","0","1272028.4681582306512","3.3593032786885241962e-005","243.74791590537063257","0.81885507542893321009","183635968","5833032.4778114464134","5833032.4778114464134","0","163164160","1397.0471586676940206","42","92.195267270012877248"
"01/27/2026 21:34:27.106","11291","64.304800276715496921","0","0","0","0","0","194453504","6038277.3346951240674","6038277.3346951240674","0","175382528","1397.2819689352140813","42","98.435294547664938136"
"01/27/2026 21:34:28.108","11292","64.270632868695685147","0","1173203.1158814644441","0.00016060000000000000057","19.968734951686144541","0.32065376630909248057","194977792","6446278.0624376414344","6446278.0624376414344","0","176173056","1396.0593129603721536","42","100"
"01/27/2026 21:34:29.108","11279","64.327154323534841751","0","1200035.1172819226049","0.00033412727272727271244","10.999148665893260457","0.50788905666845773901","188964864","6041477.3896500421688","6041477.3896500421688","0","170024960","1398.5450481141999717","42","95.312139503527831152"
"01/27/2026 21:34:30.107","11290","64.331070371980558775","0","1189086.5193982853089","0.00012752692307692307006","26.027284402238866079","0.35861066966081073248","189038592","5962089.0579594587907","5962089.0579594587907","0","171126784","1398.1252035570207681","42","96.872203124033504196"
"01/27/2026 21:34:31.106","11288","64.306018609624828741","0","0","0","0","0","189558784","5292224.931323970668","5292224.931323970668","0","167182336","1400.2359397558489036","42","98.436447729321827183"
"01/27/2026 21:34:32.108","11301","64.280694901077239933","0","1092468.9575477945618","0.00034147000000000002221","9.9893653216785409654","0.34110477911300368659","181981184","5744505.3995516365394","5744505.3995516365394","0","161472512","1396.941794420713677","42","96.879914758272761333"
"01/27/2026 21:34:33.108","11295","64.291442247175481839","0","1081494.003218246391","0.00098117499999999992916","4.000554876961434303","0.39257312896097806831","185393152","5526432.5161899961531","5526432.5161899961531","0","164974592","1398.8049660645851873","41","95.311268270174579698"
"01/27/2026 21:34:34.107","11293","64.300993030029587771","0","1053097.4513703535777","0.0015861499999999999298","2.000808326563931594","0.3173516091366211378","187752448","5146855.329553139396","5146855.329553139396","0","165597184","1419.2938734122915321","41","96.872222220554078831"
"01/27/2026 21:34:35.092","11289","64.311718606462633829","0","137244.06349974797922","0.00044024999999999999464","2.03071826911322173","0.089392832309097572385","191561728","5216245.0963230598718","5216245.0963230598718","0","171655168","1375.3475584182920102","41","93.657933488871250916"
"01/27/2026 21:34:36.107","11287","64.317473015821875038","0","228091.87423683636007","4.4388372093023252291e-005","42.380870576016157258","0.18812007949002279572","191545344","5800675.6693491786718","5800675.6693491786718","0","171032576","1398.3096493763810031","41","96.920022798730443014"
"01/27/2026 21:34:37.106","11298","64.305344169099200258","0","222316.13456785379094","5.0890909090909087239e-005","33.016059011103003229","0.16803768030356044938","185384960","5994757.8502183463424","5994757.8502183463424","0","163323904","1394.5606581105596433","41","98.436591190459012068"
"01/27/2026 21:34:38.106","11300","64.320507939979549406","0","110638.46815662577865","5.6231818181818185381e-005","22.009243882430620687","0.12376669752413579917","190230528","6724260.1892794976011","6724260.1892794976011","0","174882816","1395.9519856046053974","41","96.873567781400666377"
"01/27/2026 21:34:39.107","11293","64.303940945375686056","0","102226.03173918624816","0.00027953333333333331553","2.9949032736089722384","0.083710325937224244752","189734912","6293502.7170760799199","6293502.7170760799199","0","166821888","1395.9415564969833667","41","96.880577527381035452"
"01/27/2026 21:34:40.106","11310","64.287754652157374835","0","172356.06387129079667","7.9088461538461541614e-005","26.048977287095198108","0.20600658002829169702","181878784","5501967.799857291393","5501967.799857291393","0","162775040","1163.0635802246506501","41","92.173192596065618432"
"01/27/2026 21:34:41.107","11324","64.254435725569365445","0","66479.387095208352548","7.3715384615384620332e-005","12.984255292032882423","0.095714243194280831939","171872256","3338910.2374460734427","3338910.2374460734427","0","148455424","575.86604760203010756","41","68.787748097450943874"
"01/27/2026 21:34:42.102","11197","64.560637079309827868","0","3997103.1871975827962","0.00073616666666666665322","18.090005010931388796","1.3317745878795346215","77455360","20837736.072052892298","69458145.054906174541","6.0300016703104626359","52105216","48.681481850739537265","40","7.3481474453666928426"
"01/27/2026 21:34:43.093","11197","64.562334042173418425","0","3228690.9341432941146","0.00064717857142857144245","14.130044451101264613","0.91442909669887106894","77455360","113.04035560881011691","113.04035560881011691","0","52400128","0","40","0.65215583434123924889"
"01/27/2026 21:34:44.106","11202","64.524903256568336474","0","6249070.275020962581","0.00063857857142857134183","27.631470784703175525","1.7648343127330383684","77455360","0","0","0","52400128","0","40","4.3812015268212327612"
"01/27/2026 21:34:45.106","11194","64.523619661229574263","0","4276239.8220873419195","0.00074496250000000000836","16.0000592002190416","1.1917099999700058177","77455360","0","0","0","52400128","0","40","3.1436932671994322064"
"01/27/2026 21:34:46.106","11212","64.525033781427197255","0","0","0","0","0","77455360","0","0","0","52400128","0","40","0.044140507551859720081"
"01/27/2026 21:34:47.106","11219","64.501787760411815498","0","4198303.7239578142762","0.0028684249999999999678","4.0038144340112822306","1.1482473758198639135","77455360","0","0","0","52400128","0","40","0"
