"(PDH-CSV 4.0) (Mitteleuropäische Zeit)(-60)","\\ROADRUNNER\Arbeitsspeicher\Verfügbare MB","\\ROADRUNNER\Arbeitsspeicher\Zugesicherte verwendete Bytes (%)","\\ROADRUNNER\Physikalischer Datenträger(0 C:)\Aktuelle Warteschlangenlänge","\\ROADRUNNER\Physikalischer Datenträger(0 C:)\Bytes geschrieben/s","\\ROADRUNNER\Physikalischer Datenträger(0 C:)\Mittlere Sek./Schreibvorgänge","\\ROADRUNNER\Physikalischer Datenträger(0 C:)\Schreibvorgänge/s","\\ROADRUNNER\Physikalischer Datenträger(0 C:)\Zeit (%)","\\ROADRUNNER\Prozess(arnis-windows)\Arbeitsseiten","\\ROADRUNNER\Prozess(arnis)\Arbeitsseiten","\\ROADRUNNER\Prozess(arnis-windows)\E/A-Bytes gelesen/s","\\ROADRUNNER\Prozess(arnis)\E/A-Bytes gelesen/s","\\ROADRUNNER\Prozess(arnis-windows)\E/A-Datenbytes/s","\\ROADRUNNER\Prozess(arnis)\E/A-Datenbytes/s","\\ROADRUNNER\Prozess(arnis-windows)\E/A-Schreibvorgänge/s","\\ROADRUNNER\Prozess(arnis)\E/A-Schreibvorgänge/s","\\ROADRUNNER\Prozess(arnis-windows)\Private Bytes","\\ROADRUNNER\Prozess(arnis)\Private Bytes","\\ROADRUNNER\Prozess(arnis-windows)\Prozessorzeit (%)","\\ROADRUNNER\Prozess(arnis)\Prozessorzeit (%)","\\ROADRUNNER\Prozess(arnis-windows)\Threadanzahl","\\ROADRUNNER\Prozess(arnis)\Threadanzahl","\\ROADRUNNER\Prozessorinformationen(0,0)\Prozessorzeit (%)"
"01/27/2026 21:49:44.151","12746","64.201036203699430871","0"," "," "," "," "," ","29315072"," "," "," "," "," "," "," ","8900608"," "," "," ","40"," "
"01/27/2026 21:49:45.152","12743","64.19952420149918737","0","116877.24273461557459","8.3499999999999996751e-005","23.231614550748048487","0.19385484677997560921"," ","29315072"," ","0"," ","0"," ","0"," ","8900608"," ","0"," ","40","6.2790441242259076304"
"01/27/2026 21:49:46.171","12742","64.208226502921490919","0","142183.78738217015052","0.00030800000000000000554","4.9064082991307609305","0.15111770184909190107"," ","29315072"," ","0"," ","0"," ","0"," ","8900608"," ","0"," ","40","3.4048780794156852103"
"01/27/2026 21:49:47.170","12742","64.206333752769580769","0","0","0","0","0"," ","29315072"," ","0"," ","0"," ","0"," ","8900608"," ","0"," ","40","0"
"01/27/2026 21:49:48.167","12765","64.218516965447577149","0","92406.716692898364272","0.00028894000000000000846","5.013385237244920134","0.1788449123872541402"," ","29315072"," ","0"," ","0"," ","0"," ","8900608"," ","0"," ","40","4.4122934340259050146"
"01/27/2026 21:49:49.168","12764","64.214459518951940709","0","150899.54270564959734","0.00011216363636363636347","10.989770721412510213","0.12326769080690583302"," ","29315072"," ","0"," ","0"," ","0"," ","8900608"," ","0"," ","40","3.2131824694520805252"
"01/27/2026 21:49:50.169","12749","64.293889786185204116","0","169198.42306973855011","0.00023646999999999999075","9.9838571014526618086","0.2360349639579291392"," ","29315072"," ","223.63839907253964157"," ","223.63839907253964157"," ","0"," ","8900608"," ","0"," ","40","3.3032218318417294611"
"01/27/2026 21:49:51.167","12750","64.293280608089006023","0","57488.566498172956926","0.00017981249999999998645","8.0201683172674318456","0.14424488479661923268"," ","29315072"," ","0"," ","0"," ","0"," ","8900608"," ","0"," ","40","1.2922777395397599953"
"01/27/2026 21:49:52.156","12749","64.287896073490358617","0","10873.380635370705932","0.00022130000000000001233","3.0338673647797729238","0.067124930729073398195"," ","29315072"," ","0"," ","0"," ","0"," ","8900608"," ","0"," ","40","0.47280661781649024888"
"01/27/2026 21:49:53.166","12750","64.292388633892954886","0","198668.69878159218933","0.0001286857142857142811","13.858028653849903122","0.17838443271057205508"," ","29372416"," ","221.72845846159844996"," ","605.79382401115287848"," ","2.9695775686821219708"," ","8900608"," ","0"," ","40","0.98555022725796970207"
"01/27/2026 21:49:54.165","12733","64.284621822714015593","0","1296829.4491823313292","0.00012115833333333332839","36.026598437626496718","0.43636684508381734515"," ","33755136"," ","448.33100277935199074"," ","4211895.6425528964028"," ","5.0036942274481246429"," ","8019968"," ","1.5632051618485096611"," ","40","3.0812799653923916843"
"01/27/2026 21:49:55.162","12723","64.314361932760661489","0","0","0","0","0.073700618954755645063"," ","35278848"," ","503170.75050394039135"," ","508278.39024856238393"," ","6.0207934121281256878"," ","9277440"," ","3.1356628214242530106"," ","45","9.0622377543083878493"
"01/27/2026 21:49:56.153","12724","64.318321497253677421","0","1247689.9431102154776","0.00041058888888888885223","9.0778351743519287709","0.37273695420660279964"," ","35278848"," ","0"," ","0"," ","0"," ","9277440"," ","0"," ","45","0.71209912904023342506"
"01/27/2026 21:49:57.169","12725","64.313622253088652769","0","1039800.1256299206289","0.0015873499999999999589","1.9678872290416073998","0.31244015098534727581"," ","35278848"," ","0"," ","0"," ","0"," ","9277440"," ","0"," ","45","0.046609649890272386585"
"01/27/2026 21:49:58.170","12775","64.089679383693649584","0","0","0","0","0"," ","35278848"," ","0"," ","0"," ","0"," ","9277440"," ","0"," ","45","1.5790544030494069183"
"01/27/2026 21:49:59.168","12790","64.034974543385899892","0","1050344.1493410007097","0.0025869999999999998899","1.0016862386140830132","0.25918488307926468295"," ","35278848"," ","0"," ","0"," ","0"," ","9277440"," ","0"," ","45","0"
"01/27/2026 21:50:00.169","12762","64.097174248680744313","0","114080.13845965237124","6.3770000000000007776e-005","19.983208110224978782","0.31184487053797710354"," ","35278848"," ","0"," ","0"," ","0"," ","9277440"," ","0"," ","45","6.3476419485044903723"
"01/27/2026 21:50:01.170","12773","64.067890998923189727","0","24040.855868055819883","0.00022316666666666665209","5.9942293553995567024","0.13379846034844156133"," ","35278848"," ","0"," ","0"," ","0"," ","9277440"," ","0"," ","45","1.6371475687101066931"
"01/27/2026 21:50:02.158","12772","64.128752719640900182","0","0","0","0","0"," ","35655680"," ","226.61720206666794297"," ","339.92580310000192867"," ","1.0116839377976247771"," ","9707520"," ","0"," ","45","2.0117555548587517933"
"01/27/2026 21:50:03.170","12763","64.150530231220301403","0","76922.788000345550245","0.00013399166666666666647","11.861038445776966199","0.15892774821748678615"," ","43597824"," ","0"," ","0"," ","0"," ","18137088"," ","0"," ","45","1.160689787685253993"
"01/27/2026 21:50:04.169","12757","64.162452394180576221","0","0","0","0","0"," ","50364416"," ","0"," ","0"," ","0"," ","25014272"," ","3.1283388760824424324"," ","45","1.4574832398887460627"
"01/27/2026 21:50:05.170","12748","64.166335776486988607","0","0","0","0","0"," ","58380288"," ","0"," ","0"," ","0"," ","33206272"," ","4.6817582916311435426"," ","44","3.2442901147175629006"
"01/27/2026 21:50:06.170","12743","64.188428750305533299","0","151560.24487732132548","0.00031206666666666664457","3.0001632088785630259","0.093621591567056641758"," ","66879488"," ","0"," ","0"," ","0"," ","42012672"," ","1.5625265629515703303"," ","44","6.2484062229057890647"
"01/27/2026 21:50:07.170","12739","64.129046412214890438","0","0","0","0","0"," ","77299712"," ","0"," ","0"," ","0"," ","52727808"," ","3.1265858043199514782"," ","44","1.5125471639215404274"
"01/27/2026 21:50:08.168","12737","64.136737087773326493","0","221512.63614698767196","0.00034925714285714284327","7.0104006303752246509","0.24484697664860091693"," ","90259456"," ","0"," ","0"," ","0"," ","66203648"," ","6.2593815610837513219"," ","44","1.4147404129309038012"
"01/27/2026 21:50:09.169","12725","64.169577384407077147","0","0","0","0","0"," ","102637568"," ","0"," ","0"," ","0"," ","78856192"," ","3.1220552774622976067"," ","44","4.7759060488242743858"
"01/27/2026 21:50:10.168","12714","64.20401676190179785","0","98440.33987072094169","0.00028076666666666669691","3.0041607626562787381","0.084346626079880651639"," ","115486720"," ","0"," ","0"," ","0"," ","92315648"," ","9.3879807609982321992"," ","44","0"
"01/27/2026 21:50:11.168","12709","64.234637972953407825","0","4094.1564013724619144","0.00063150000000000000838","0.99954990267882370958","0.063123582780606313225"," ","127291392"," ","0"," ","0"," ","0"," ","104419328"," ","1.5618463672952869192"," ","44","3.1655252276922118959"
"01/27/2026 21:50:12.171","12693","64.269240494880193637","0","0","0","0","0"," ","139763712"," ","0"," ","0"," ","0"," ","117067776"," ","1.5584051346681460082"," ","44","3.3788816505749497132"
"01/27/2026 21:50:13.169","12678","64.303070694278702035","0","86179.525649920717115","8.6116666666666668293e-005","12.022813288214386773","0.103538348414056805"," ","151339008"," ","0"," ","0"," ","0"," ","129167360"," ","3.1309980529700749408"," ","44","7.6355574373827899137"
"01/27/2026 21:50:14.170","12675","64.328601086588719227","0","36319.403335506380245","0.0003498500000000000199","1.9982066095679127393","0.069903319223792420578"," ","161058816"," ","0"," ","0"," ","0"," ","139071488"," ","7.8050547582660900758"," ","44","9.4569052834805660268"
"01/27/2026 21:50:15.171","12663","64.339283146974466376","0","118633.95177779145888","0.00012265714285714286475","13.982315167775798415","0.21097823966660581019"," ","169115648"," ","0"," ","0"," ","0"," ","147320832"," ","0"," ","44","3.2452274803329350661"
"01/27/2026 21:50:16.169","12680","64.299111153068750468","0","176383.79177483185777","0.00023925714285714285291","7.0101661429404922288","0.16771888200363777033"," ","170295296"," ","0"," ","0"," ","0"," ","157147136"," ","17.212015073068570814"," ","43","4.5515527766197383386"
"01/27/2026 21:50:17.162","12513","64.808707070725205313","0","0","0","0","0"," ","316452864"," ","677.35714996334513671"," ","1016.0357249450175914"," ","3.0239158480506476145"," ","304222208"," ","100.79634149598905424"," ","43","5.5002579464959122646"
"01/27/2026 21:50:18.153","12047","66.17082400856791935","0","12386.270190436887788","0.00065830000000000000928","1.0079972485707102692","0.066365275768236281495"," ","801759232"," ","2192698.4308103630319"," ","2192924.2221940429881"," ","2.0159944971414205384"," ","816644096"," ","99.237913313622357236"," ","52","11.791482726705716289"
"01/27/2026 21:50:19.171","12056","66.073673676250891162","0","1027943.840953755076","3.7708670520231215542e-005","170.09431287206899697","0.64131760114815083984"," ","801427456"," ","0"," ","0"," ","0"," ","785248256"," ","1238.0577502390588052"," ","52","87.711305333657236361"
"01/27/2026 21:50:20.169","11683","67.189482824688198548","0","0","0","0","0"," ","1193062400"," ","0"," ","0"," ","0"," ","1207631872"," ","1199.2725857534383067"," ","52","84.344063870207534706"
"01/27/2026 21:50:21.167","12197","65.758976681567489209","0","98431.981262036904809","0.00028293333333333334396","3.0039056781627473391","0.084988666508998403359"," ","654458880"," ","1121.458119847425678"," ","1682.1871797711382897"," ","5.0065094636045781584"," ","660942848"," ","730.62167287093279811"," ","43","48.371487784280986943"
"01/27/2026 21:50:22.170","10914","69.570106284127135154","0","44927.0100614126859","0.00010571250000000000134","7.9770969569269674082","0.08433404178449116495"," ","1999941632"," ","9424.9400546092128934"," ","8602926.1387629974633"," ","944.28885227622981802"," ","2108280832"," ","1338.4426712501094698"," ","58","92.209297606227536903"
"01/27/2026 21:50:23.167","10679","70.1412165933617473","0","4277087.253197716549","0.0014359999999999999935","9.0255911611784060966","1.2959332323647190233"," ","2215051264"," ","60423.324293702367868"," ","41892262.32058378309"," ","17601.908451222596341"," ","2323849216"," ","501.36692678919808941"," ","58","76.497374223974631491"
"01/27/2026 21:50:24.169","10607","70.305211462617194229","0","9362936.4392447564751","0.0034966624999999999443","15.978143497509757154","5.5869539144657771601"," ","2273783808"," ","30410.40161163544326"," ","19318356.420252736658"," ","10537.585636607684137"," ","2381434880"," ","240.29356308843210854"," ","58","54.750532508216053884"
"01/27/2026 21:50:25.171","10556","70.377277413005302265","0","4086.1291378417158739","0.00061390000000000001425","0.99759012154338766454","0.061243817132885514098"," ","2304122880"," ","38135.875166360623552"," ","27797729.025991909206"," ","10224.301155698180082"," ","2411061248"," ","235.37568178514703732"," ","57","50.11922005215334508"
"01/27/2026 21:50:26.169","10646","70.013956299520557991","0","12642454.189482485875","0.0076883823529411768338","17.036079008123401479","13.097755286100811745"," ","2325094400"," ","9536.1957553707234183"," ","1859914.9278341671452"," ","7154.1510611172334393"," ","2431336448"," ","156.57881551257642627"," ","57","31.107005701033063616"
"01/27/2026 21:50:27.169","10639","70.032013573225597725","0","9942254.8753778282553","0.00032751532258064514937","248.13374408806345173","8.1984747810162996728"," ","2341912576"," ","14751.951301751643769"," ","9674004.2883113995194"," ","4919.6516922621294725"," ","2447740928"," ","129.76228200311840055"," ","57","17.140021232166034792"
"01/27/2026 21:50:28.169","10624","70.059763051117712962","1","0","0","0","0"," ","2350510080"," ","13887.055680213745291"," ","9623900.5747609175742"," ","4279.7089797893740979"," ","2456276992"," ","162.48695229773048254"," ","57","34.378845399659574866"
"01/27/2026 21:50:29.169","10544","70.400751864165243887","0","13819735.229708110914","0.001033360666666666627","149.95372428068696991","15.595066527935175671"," ","2350444544"," ","8909.250605263214311"," ","5178735.842119121924"," ","3445.9365839701863479"," ","2456023040"," ","148.39274474818395788"," ","57","35.958204712416474536"
"01/27/2026 21:50:30.168","10457","70.639075285438238438","0","8541511.430721545592","0.0019598948717948717554","39.043623440470035746","7.6521811037251517007"," ","2350706688"," ","3752.1923244841459564"," ","789298.88364269398153"," ","2816.1464804626207297"," ","2456023040"," ","115.75495809144926795"," ","57","60.893595239375251538"
"01/27/2026 21:50:31.169","10423","70.760374486157758156","0","8897102.315781397745","0.00084457578947368431264","94.918901290737196064","8.0169842597338760726"," ","2350759936"," ","3313.169228211416339"," ","735583.51744269696064"," ","2486.8752138173144886"," ","2456023040"," ","110.84782411029476634"," ","57","11.009493319904194664"
"01/27/2026 21:50:32.169","10472","70.549963710492008317","0","143323.28057551657548","0.00015364545454545454947","10.997182521837906677","0.16895169477013483039"," ","2350858240"," ","7158.1660778508548901"," ","4886054.1929157748818"," ","2300.410634795365695"," ","2456023040"," ","118.70903351253483038"," ","57","34.39580309083989107"
"01/27/2026 21:50:33.170","10485","70.514849915754723497","0","13130170.966100767255","0.0013322203252032521932","122.86999126224540646","16.369284307391883004"," ","2350968832"," ","3164.6514822666135842"," ","660591.02863260381855"," ","2373.4886116999600745"," ","2456023040"," ","120.18749298854261554"," ","57","11.032526158809774941"
"01/27/2026 21:50:34.170","10495","70.501317845308534515","0","10946851.342131813988","0.0013394725274725274335","91.019450856648063564","12.191989527203823229"," ","2351104000"," ","15475.307073121526628"," ","13320481.586915124208"," ","2395.5119208974956564"," ","2456023040"," ","123.46574896336281313"," ","57","14.042833000190446668"
"01/27/2026 21:50:35.170","10501","70.54300186469755829","0","11477459.974901933223","0.0006450450261780104038","190.93964397853838477","12.316214362245668568"," ","2351513600"," ","11372.405182721740857"," ","9044571.0111033897847"," ","2225.2965837498763904"," ","2456023040"," ","131.20583611556349979"," ","57","9.4054941106823441999"
"01/27/2026 21:50:36.170","10483","70.540445570494142657","0","221178.80229814600898","0.00033769999999999996852","4.9998825027611850658","0.16884581262384693034"," ","2351644672"," ","11019.741036085652013"," ","9037578.6169025041163"," ","2124.9500636735037915"," ","2456023040"," ","124.99690007687809157"," ","57","14.0646311971463156"
"01/27/2026 21:50:37.169","10492","70.53700815200269858","0","10640702.010342037305","0.000276337762237762255","429.63302129357396097","11.872376823823810099"," ","2351783936"," ","2687.9604409136418326"," ","536102.89400402549654"," ","2015.9703306852316018"," ","2456023040"," ","114.23075047237074386"," ","57","9.2409943281254740555"
"01/27/2026 21:50:38.171","10499","70.529273983680013771","0","8528471.2360408864915","0.0035371807692307693713","25.948857396956334753","9.1788181166449369641"," ","2351972352"," ","2495.0824420150324841"," ","544185.46486729301978"," ","1873.3078974648863095"," ","2456023040"," ","112.28162347051220138"," ","57","7.9917780205270076976"
"01/27/2026 21:50:39.170","10509","70.476189947332301244","0","9009261.7181815039366","0.00068547040816326532033","98.023476622651116941","6.7189840322345917301"," ","2352095232"," ","2660.6372226148159825"," ","558448.74847525975201"," ","1995.4779169611119869"," ","2456023040"," ","118.7742893421704764"," ","57","4.6672036476565814667"
"01/27/2026 21:50:40.169","10511","70.482466479410049942","0","0","0","0","0"," ","2352148480"," ","2757.217206397946029"," ","579702.91385359375272"," ","2068.9148005856682175"," ","2456023040"," ","118.97510089088557095"," ","57","9.2036309330229890691"
"01/27/2026 21:50:41.169","10518","70.45824145210400502","0","4077146.8798495628871","0.0015635999999999998424","10.993342431823286631","1.718978635097222929"," ","2352271360"," ","2842.2787160095845138"," ","583799.45105244254228"," ","2132.7084317737176207"," ","2456461312"," ","123.36706973988549407"," ","57","17.235065008139827114"
"01/27/2026 21:50:42.169","10523","70.45927484763303994","0","4434737.803733243607","0.00041770862068965519676","57.983915261906339822","2.4220562870081363549"," ","2352390144"," ","2931.1868887570585684"," ","605981.90062076773029"," ","2198.39016656779404"," ","2456461312"," ","118.7179580231295688"," ","57","7.8373746925704761424"
"01/27/2026 21:50:43.169","10519","70.462483812696873997","4","0","0","0","0"," ","2352590848"," ","7213.9232319336333603"," ","4890832.8960500871763"," ","2341.6242770322569413"," ","2456461312"," ","110.96830480141287012"," ","57","15.601570996108515388"
"01/27/2026 21:50:44.170","10523","70.457273319004400491","0","6311018.5268822452053","0.00017956057007125888407","420.66582307015306696","7.5532376106969705276"," ","2352734208"," ","7342.1673822315551661"," ","4809942.9812956592068"," ","2439.0624088224317347"," ","2456461312"," ","109.28439231033550527"," ","57","14.133691756164967757"
"01/27/2026 21:50:45.169","10527","70.461896404265871752","0","6365989.812155360356","0.00019072807486631015322","374.28820191547492868","7.1387539678202998061"," ","2352906240"," ","7601.853427138897132"," ","4920483.7725048288703"," ","2630.0251193418935145"," ","2456461312"," ","125.09679990376554315"," ","57","13.995950066161199743"
"01/27/2026 21:50:46.171","10519","70.459535920633825867","0","8449449.7441951278597","0.0034042045454545453304","21.966498892538986354","7.4777701273005678928"," ","2352979968"," ","7796.1101524065643389"," ","4952449.0199995981529"," ","2782.7560187957346898"," ","2456461312"," ","115.44776459179865924"," ","57","12.631664082228077461"
"01/27/2026 21:50:47.170","10515","70.461504806406210832","0","4098.3930517028893519","0.00060210000000000005269","1.0005842411384007207","0.060245388140994025894"," ","2353098752"," ","8144.7557228665818911"," ","5044815.6678684679791"," ","3037.7737560961845702"," ","2456461312"," ","126.6368865071342924"," ","57","17.141165339657938205"
"01/27/2026 21:50:48.170","10544","70.46187465788375448","0","5179045.8344612037763","0.00023416082949308757426","217.07132963891933741","5.0828458591174765502"," ","2353197056"," ","4557.4975937092931417"," ","921951.95341189112514"," ","3420.1238526979964263"," ","2456461312"," ","134.41614478191775106"," ","57","15.597197716927958311"
"01/27/2026 21:50:49.169","10533","70.457501749148946146","0","7572093.0642005652189","0.00013412629107981220017","426.15111318473532265","5.7159760780091710686"," ","2353258496"," ","13784.888121327821864"," ","9542735.8541338760406"," ","4195.4877199454922447"," ","2456461312"," ","132.86354617444021642"," ","57","23.409858617975231709"
"01/27/2026 21:50:50.169","10524","70.445514323759255149","0","10276717.642242111266","0.00040804894366197185396","284.22251780919282282","11.597713921542077031"," ","2353594368"," ","32421.382700516234763"," ","26776161.0564911291"," ","5874.5992237322598157"," ","2456461312"," ","153.24555828069944141"," ","57","28.068411419263540552"
"01/27/2026 21:50:51.169","10521","70.447124254528219467","0","0","0","0","0"," ","2353774592"," ","16620.970991367750685"," ","6341991.9715952128172"," ","9401.0243068206455064"," ","2456465408"," ","156.18357512549911803"," ","57","28.155555442270397748"
"01/27/2026 21:50:52.158","10514","70.521159090688726678","0","9258209.5270443074405","0.00012994450474898235808","745.01110440567424575","9.6810353437431633239"," ","2354065408"," ","14831.482936010925187"," ","5982249.1248393980786"," ","7851.4263879496220397"," ","2456465408"," ","151.63088110481089643"," ","57","30.5025128269616701"
"01/27/2026 21:50:53.170","10509","70.521322258403827732","0","11016937.085175897926","0.00033535093833780160342","368.84240837282158054","12.447882736800552905"," ","2354348032"," ","3540.0960374656870044"," ","596844.37025844678283"," ","2656.0608817410152369"," ","2456465408"," ","118.97084202036791112"," ","57","8.8405236467310803761"
"01/27/2026 21:50:54.169","10516","70.515502586615156133","0","11693554.042049037293","0.00023336273408239700767","534.16307998832041903","12.464908102389820499"," ","2354810880"," ","11659.559663565285518"," ","9007700.050825515762"," ","2600.7940224150434005"," ","2456465408"," ","115.65597266948088873"," ","57","9.3470789003012981766"
"01/27/2026 21:50:55.168","10514","70.503689225414703401","0","0","0","0","0"," ","2355269632"," ","7745.2284396858858599"," ","4854337.9436598708853"," ","2736.2602540927514383"," ","2456465408"," ","125.15336293093557174"," ","57","18.653588232773486766"
"01/27/2026 21:50:56.167","10510","70.501132907928237614","0","8521233.7350227460265","0.00012932806451612904441","620.70990591939994374","8.0276038548484951463"," ","2356051968"," ","3772.3143959746762448"," ","652540.31035295070615"," ","2830.2369419905544419"," ","2456469504"," ","126.70872186503223134"," ","57","17.09182396485544686"
"01/27/2026 21:50:57.168","10517","70.460721610686903205","0","10013080.507485311478","0.00032016716981132076593","264.84829489668317137","8.4795500189640868882"," ","2356363264"," ","4185.6024868955064449"," ","705965.62289120792411"," ","3140.2012926995416819"," ","2456469504"," ","115.55849608550279584"," ","57","15.673529883552017594"
"01/27/2026 21:50:58.169","10519","70.44155478254927516","4","4270160.7986819520593","0.0023528578947368422071","18.973060151890333458","4.4640802921923858904"," ","2356805632"," ","13085.420012124784989"," ","9217282.3807475771755"," ","3681.7722515799819121"," ","2456469504"," ","137.30469779785232731"," ","57","21.985967160311169266"
"01/27/2026 21:50:59.161","10528","70.463038601554700335","0","5220309.3795784646645","0.00029643981042654028767","212.58284937991294328","6.3018387818669596712"," ","2357317632"," ","5001.2382195350137408"," ","709248.92565060930792"," ","3247.1778367367746796"," ","2456469504"," ","132.23536504617808873"," ","57","19.714242650534718138"
"01/27/2026 21:51:00.153","10743","69.929794168549079814","0","7314739.5646521644667","0.00016994746716697935402","537.76540816444924076","9.1387627631384464877"," ","2156122112"," ","1243.0149772206407306"," ","176064.1928448950348"," ","763.76813129547485914"," ","2278170624"," ","110.34777077325159667"," ","57","16.447475288631409285"
"01/27/2026 21:51:01.170","10750","69.964277038808049269","0","5823810.7487898729742","0.00012140000000000000996","257.44239431645803506","3.1253856766094259001"," ","2158878720"," ","5989.9573883707180357"," ","4503428.0125230988488"," ","1313.742294660703692"," ","2292432896"," ","116.68559839322702487"," ","57","17.09198274805759965"
"01/27/2026 21:51:02.167","10847","69.624756735196513091","0","0","0","0","0"," ","2051203072"," ","1079.6855064763569771"," ","263821.55487757461378"," ","810.76755504916025075"," ","2168586240"," ","109.751006949810062"," ","57","12.202665547141954505"
"01/27/2026 21:51:03.168","10849","69.684247851763913673","0","5250893.5505910031497","0.00016317461928934008501","196.686462110749261","3.2095340896803254971"," ","2055299072"," ","5555.144544082279026"," ","4536028.1175777697936"," ","1100.2460976956633658"," ","2191577088"," ","102.9644064153140306"," ","57","15.756394751106695296"
"01/27/2026 21:51:04.169","10856","69.712802271757453809","0","8531379.4195607192814","0.0020068325000000002307","39.978048053813651563","8.0228925381371567482"," ","2060988416"," ","1731.0494807301311084"," ","393424.97034878149861"," ","1298.2871105475983313"," ","2203787264"," ","115.56108316490150401"," ","57","20.356550791757076269"
"01/27/2026 21:51:05.170","10849","69.724191415525083926","0","4538432.9638415165246","0.00018337375000000000593","79.929007055932927983","1.5253854076654620453"," ","2065584128"," ","1798.4026587584908157"," ","440072.12793596729171"," ","1350.8002192452665895"," ","2214973440"," ","115.52014236677368331"," ","57","17.262600737310741295"
"01/27/2026 21:51:06.170","10848","69.716261436631029369","0","0","0","0","0"," ","2069254144"," ","1792.3446678796333345"," ","412778.37728195131058"," ","1344.258500909724944"," ","2225627136"," ","115.64416223768279224"," ","57","18.73412877534982357"
"01/27/2026 21:51:07.169","10969","69.12894308779597452","0","3536749.0025888914242","5.1693461538461537089e-005","260.13982515602134526","1.3448517043913830182"," ","1943576576"," ","5603.0116187450748839"," ","4545725.3273634575307"," ","1131.6082394286929684"," ","2009141248"," ","125.07642169365482232"," ","57","15.575915837467901426"
"01/27/2026 21:51:08.167","10955","69.25419095653440138","0","3958417.8775537703186","0.00013134404761904762936","168.42010711518813082","2.2120007289864540567"," ","1958141952"," ","2125.3013516916598746"," ","423185.59414603788173"," ","1426.5584072911469775"," ","2031947776"," ","112.77636977176268829"," ","57","9.1523687949689467303"
"01/27/2026 21:51:09.170","10944","69.313736462340159505","0","3431093.3259299322963","0.00015316785714285715832","55.844617935057492275","0.85535799904426157436"," ","1965596672"," ","1822.9278854515196144"," ","424424.08243303827476"," ","1368.1931394089085643"," ","2053844992"," ","104.39677585858899533"," ","57","15.859314979644690169"
"01/27/2026 21:51:10.170","10942","69.351221637183627422","0","0","0","0","0"," ","1972744192"," ","2051.440572155972859"," ","529316.65534808661323"," ","1543.5790659887047696"," ","2068332544"," ","114.03177983851151112"," ","57","18.771882854758924708"
"01/27/2026 21:51:11.159","10933","69.405426101154972685","0","3214128.124581430573","3.3966014234875444445e-005","568.11720197223610285","1.9297162698709551254"," ","1980702720"," ","6421.1396208676933384"," ","4731661.1615570662543"," ","1544.6318231558304888"," ","2090156032"," ","124.7842212291939461"," ","57","30.499927416651473777"
"01/27/2026 21:51:12.153","10923","69.474990123294986688","0","4661357.2497754106298","6.2699632352941186411e-005","273.50850882959878163","1.7148467378917853221"," ","1989677056"," ","2043.2694483152376961"," ","446587.10652734088944"," ","1532.4520862364283857"," ","2116431872"," ","111.55005481601116912"," ","57","23.014750901626101154"
"01/27/2026 21:51:13.168","10920","69.55603029801417847","1","2316338.9945661542006","4.0819999999999998809e-005","275.85973163183047063","1.1260116110341964468"," ","1996836864"," ","6147.7311620807940926"," ","4630412.9836929459125"," ","1586.1934568830254193"," ","2144813056"," ","113.91045401923862812"," ","57","13.794954945795257828"
"01/27/2026 21:51:14.171","10908","69.643836531239529108","0","2255227.8631046907976","0.0017867749999999999952","3.9898024638825626553","0.71292974313840906664"," ","2006106112"," ","2146.5137255688186997"," ","471688.41158882016316"," ","1611.8801954085554371"," ","2178650112"," ","127.80585599698991928"," ","57","17.396239702272353611"
"01/27/2026 21:51:15.161","10899","69.732219276421758991","0","3647323.3959229663014","0.00010993148148148149026","109.03589552543944308","1.1987011227360666599"," ","2017054720"," ","2511.8639635860495218"," ","499335.94110850134166"," ","1548.7135531113342495"," ","2214453248"," ","135.66991507139039186"," ","57","30.58748531231189105"
"01/27/2026 21:51:16.154","11082","68.95247129000547659","0","3170305.795681017451","0.0028924333333333334013","3.0234392124948668013","0.87444063230039970058"," ","1825878016"," ","2326.0325674793839426"," ","580051.85198249435052"," ","1747.5478648220328068"," ","1922043904"," ","133.83961195002689237"," ","57","33.865966342941625555"
"01/27/2026 21:51:17.172","11065","69.280210851989735943","0","0","0","0","0"," ","1843060736"," ","3058.8487753659401278"," ","568397.12495701562148"," ","1968.2258647653111439"," ","2044796928"," ","138.04804336961504418"," ","57","34.045188825372662222"
"01/27/2026 21:51:18.168","11183","69.080406001089230017","0","2818655.3482180978172","3.3382317073170731465e-005","494.26124519677523494","1.6499834239157733506"," ","1725759488"," ","1679.6845568475775963"," ","424679.91059095360106"," ","1260.7680136625060641"," ","1968840704"," ","141.27344511306898767"," ","57","16.805637877859368245"
"01/27/2026 21:51:19.170","11276","68.489465319665484344","0","3847505.9075129828416","4.1715081206496520125e-005","430.23624461855314394","1.7947277178083345106"," ","1631940608"," ","11783.082671641303023"," ","9209048.0978167559952"," ","2706.1959609301570708"," ","1750941696"," ","143.49476585996487188"," ","57","39.170697081101849335"
"01/27/2026 21:51:20.170","11363","68.491999844203704129","0","2771359.9461277257651","3.621496598639455534e-005","440.74044795020216725","1.5960867552122313118"," ","1541435392"," ","4153.5539720658507576"," ","642452.65962874470279"," ","2785.3597016716857979"," ","1749553152"," ","251.40605001507560701"," ","57","57.837447582265568258"
"01/27/2026 21:51:21.169","11182","69.436612974255481845","0","0","0","0","0"," ","1721573376"," ","12682.119062800207757"," ","8935040.2686303406954"," ","3364.6846819076940847"," ","2103476224"," ","283.05272684927700766"," ","57","64.033075459033028665"
"01/27/2026 21:51:22.169","11094","69.772728502231814218","0","3809092.6258455528878","3.5215892857142855549e-005","560.4244094052426135","1.9735640549926740661"," ","1805754368"," ","23501.797911558423948"," ","17955458.668849918991"," ","5166.9129031415486679"," ","2228150272"," ","237.67752134068936698"," ","57","45.271623375499160602"
"01/27/2026 21:51:23.170","11022","69.865658197055026335","0","7655567.20818094071","0.00041408310502283107507","218.65312867666730767","9.0536797040737972964"," ","1877463040"," ","11146.317481946638509"," ","5353247.6079946765676"," ","5293.6022294232425338"," ","2266091520"," ","179.39542630643049392"," ","57","37.599703194236241188"
"01/27/2026 21:51:24.169","10978","69.928249500209531675","0","9695842.8733884748071","0.0024785974358974356864","39.068479230395034563","9.6838873997753580625"," ","1927356416"," ","10322.092563845908444"," ","5292950.4836076674983"," ","4665.1771224602480288"," ","2287968256"," ","183.14076150091423756"," ","57","40.520190627905428471"
"01/27/2026 21:51:25.167","10930","69.9812682741277996","0","0","0","0","0"," ","1966698496"," ","9749.3517372041005729"," ","5138615.3336995020509"," ","4236.802300750878203"," ","2305388544"," ","153.33423990377269774"," ","57","28.026785351290371295"
"01/27/2026 21:51:26.158","10897","70.023811671422748759","0","9472794.6024891883135","0.00044844450261780104865","192.80862199778803756","8.7297495675105949431"," ","1995489280"," ","26052.381761879129044"," ","22057618.282537512481"," ","3871.3144783325506069"," ","2318254080"," ","153.00035140237409337"," ","57","27.44313232464733332"
"01/27/2026 21:51:27.171","10887","70.062765332419147057","0","8428257.3178220055997","0.004643081818181817727","10.861074904785398942","5.0427131694315052712"," ","2007629824"," ","4664.3379863823838605"," ","877255.93165263789706"," ","3501.2156011244569527"," ","2335494144"," ","134.21607151002669411"," ","57","27.492467115272933853"
"01/27/2026 21:51:28.169","10865","70.088284851538091402","4","4611143.9571270849556","0.00099768703703703698858","54.084918730899389061","5.3961103206290186307"," ","2028404736"," ","9162.3858620419923682"," ","5182432.9379558842629"," ","3800.967899699317968"," ","2346729472"," ","143.97947448643648727"," ","57","28.010262756781756366"
"01/27/2026 21:51:29.170","10798","70.193963421088170662","0","2123532.2839591512457","8.2523821339950366384e-005","402.56555125708337073","3.4769670747013661227"," ","2060161024"," ","13209.744044227471022"," ","9382995.8708561733365"," ","3772.9282558263125793"," ","2354552832"," ","195.09798976025859929"," ","57","36.007859358635187164"
"01/27/2026 21:51:30.169","10794","70.203340139753038329","0","8483553.7887180037796","0.0039239888888888884919","18.018966764416223469","7.070866031376104921"," ","2081951744"," ","9878.3980017366284301"," ","5307519.6952312001958"," ","4337.5657216786385106"," ","2362077184"," ","150.16322742821446923"," ","57","21.789985714471626466"
"01/27/2026 21:51:31.168","10768","70.183542410420159285","0","9212289.5628119334579","0.00054239588235294124065","170.15843451838006217","9.2288864898797555725"," ","2103881728"," ","5368.9990750387687513"," ","959846.7132747300202"," ","4030.7530341500969371"," ","2367655936"," ","136.05774783753881252"," ","57","15.550363411182798856"
"01/27/2026 21:51:32.171","10758","70.185000046665081186","0","0","0","0","0"," ","2125774848"," ","4976.541369543786459"," ","857751.56630957254674"," ","3733.4029304770592717"," ","2374946816"," ","138.63467339789409039"," ","57","18.999966104601195838"
"01/27/2026 21:51:33.171","10740","70.264397671042104321","0","8407394.7506972104311","0.0046668999999999998679","10.997785046091717476","5.1325906845937092626"," ","2137690112"," ","11989.585297521080065"," ","8999945.410994226113"," ","2521.4921714766646801"," ","2380029952"," ","145.28421316369701799"," ","57","26.576795497916560151"
"01/27/2026 21:51:34.170","10745","70.275471352570562544","0","8719042.9648272171617","0.0010013129870129870453","77.133077698954011225","7.7233609704169436938"," ","2139545600"," ","6314.8950884961823249"," ","4559993.3565380349755"," ","1492.5751398888503445"," ","2382225408"," ","122.08446030855138531"," ","57","15.479989017156736253"
"01/27/2026 21:51:35.170","10737","70.274601124756642889","0","6066180.3613462727517","0.00046712727272727274687","142.90361151403379836","6.6753347125859248123"," ","2141454336"," ","2270.4685689502434798"," ","457058.7138974762056"," ","1702.8514267126824961"," ","2384289792"," ","121.7913415275047555"," ","57","18.805772314996826111"
"01/27/2026 21:51:36.168","10738","70.26768279500950598","0","0","0","0","0"," ","2144112640"," ","2457.3666430116732045"," ","455895.63046737771947"," ","1843.024982258755017"," ","2385657856"," ","123.70992161839586743"," ","57","15.438787754514216033"
"01/27/2026 21:51:37.168","10741","70.264136598041318393","0","7740229.4281174419448","0.0010103707692307691609","64.989835589713763397","7.0307161229876662389"," ","2148913152"," ","10898.295506582770031"," ","8922516.5184165183455"," ","2032.6820885213551264"," ","2387492864"," ","131.22361093184161973"," ","57","14.077270117266838412"
"01/27/2026 21:51:38.169","10730","70.266420969335925406","0","5991393.1992665911093","0.00042139046242774562054","345.70279930343883734","14.568267455385516485"," ","2153140224"," ","3049.3784493470966481"," ","541047.86115376616362"," ","2287.0338370103222587"," ","2388283392"," ","128.02093178455234579"," ","57","9.4512511014474664961"
"01/27/2026 21:51:39.169","10739","70.21686136029121883","0","7275000.8850614232942","0.00013430194003527336417","567.03935253106567416","7.6153997701855216107"," ","2156089344"," ","16041.113253259776684"," ","13263696.50053713657"," ","2817.1955133686278714"," ","2388910080"," ","146.88425370798358927"," ","57","28.120471589710149374"
"01/27/2026 21:51:40.170","10739","70.219276233161636469","0","0","0","0","0"," ","2159890432"," ","14936.049666661703668"," ","9651294.998871402815"," ","5065.9467360165135688"," ","2389733376"," ","138.95125562474680692"," ","57","20.376246776830463148"
"01/27/2026 21:51:41.169","10713","70.235157937331862854","0","9738187.2361161895096","0.00045125491803278688788","244.15271752481174872","11.017220416751676737"," ","2184790016"," ","6816.2635728648265285"," ","1298510.2181414475199"," ","5114.1989314316106174"," ","2397507584"," ","151.65335552529518282"," ","57","24.952292172133827108"
"01/27/2026 21:51:42.168","10692","70.238453934490323149","0","6191358.3524073306471","0.00013794331550802139204","374.63500633573909226","5.1679135145704551135"," ","2203250688"," ","14496.571689012876959"," ","9616176.4190302565694"," ","4720.0004006791514257"," ","2398257152"," ","153.38718471483306871"," ","57","24.874337304008420801"
"01/27/2026 21:51:43.170","10674","70.245350517855342787","3","7691683.0553319035098","0.0014850056603773586616","52.858619051622625307","7.8494315130361105304"," ","2220285952"," ","14166.10990583486273"," ","9550378.6023522876203"," ","4496.9719491276682675"," ","2400722944"," ","171.414255622312794"," ","57","36.107632595923575991"
"01/27/2026 21:51:44.168","10659","70.251572660694733941","0","1604540.3413351159543","0.00014607435897435897074","117.2194817576430097","1.7123349089709347659"," ","2238144512"," ","9529.8436793051314453"," ","5210695.5062659326941"," ","4073.6274600562092019"," ","2402811904"," ","145.5900966372582559"," ","57","26.424059510374718229"
"01/27/2026 21:51:45.167","10649","70.252442888508653596","0","9943580.3513102997094","0.00036639831081081082912","296.5658476372919381","10.866102965472784092"," ","2249609216"," ","13425.616075472000375"," ","9375880.1793822608888"," ","3916.4726297776155661"," ","2404974592"," ","156.54841258406776205"," ","57","23.291277833806802278"
"01/27/2026 21:51:46.169","10639","70.269031652777698582","0","9008396.8973790332675","0.00058435955882352944978","135.64940055931438678","7.9267280673931823642"," ","2262802432"," ","13664.682262225052909"," ","9445250.8047699909657"," ","4126.3350743667915594"," ","2408382464"," ","158.96265088360792106"," ","57","25.194046643008039865"
"01/27/2026 21:51:47.161","10606","70.336746440813115555","0","0","0","0","0"," ","2273886208"," ","9721.8962820907036075"," ","5216159.4052135786042"," ","4026.9223915340439817"," ","2410160128"," ","149.69955708596896216"," ","57","29.089683485593642587"
"01/27/2026 21:51:48.153","10609","70.345231185281932085","0","8536742.4601857867092","0.004004923809523809608","21.153928677414072013","8.4719061894694949189"," ","2274164736"," ","11979.167611038481482"," ","9165546.0121117327362"," ","2798.3625650407757348"," ","2410160128"," ","129.06291309575820492"," ","57","18.155225841714319301"
"01/27/2026 21:51:49.172","10623","70.335321424141369562","0","8790511.1008961647749","0.00071812195121951228737","120.81138102141602531","8.6757696652841715945"," ","2274590720"," ","4203.8431770053703076"," ","735204.04354710073676"," ","3152.8823827540281854"," ","2410160128"," ","139.65809635369961939"," ","57","12.521851734495847097"
"01/27/2026 21:51:50.168","10628","70.332667224652283267","0","7592319.3420785907656","0.00031383513513513517116","259.78395002599341979","8.1527646509353175475"," ","2275934208"," ","4710.214012826506405"," ","812151.83057913871016"," ","3533.6635364539570219"," ","2410766336"," ","126.94296074765681226"," ","57","9.0996446435542495124"
"01/27/2026 21:51:51.169","10616","70.332656351461224631","0","0","0","0","0"," ","2279432192"," ","13356.162433235424032"," ","9301091.4426543768495"," ","3880.560659087851036"," ","2411986944"," ","128.01422928739759755"," ","57","15.700650236477786237"
"01/27/2026 21:51:52.167","10612","70.345731561618336514","0","6618651.9876699792221","0.00052081891891891897092","74.178198285741828499","3.8634121618201175963"," ","2282975232"," ","4967.9344689748177188"," ","845738.71812254574616"," ","3560.5535177156079953"," ","2412523520"," ","122.17073870718849093"," ","57","7.5888002086651145106"
"01/27/2026 21:51:53.170","10608","70.345448742235419104","0","5985047.7535923402756","0.00016649228855721392149","400.95543091138961245","6.6755401380790608812"," ","2283057152"," ","7995.1709805614409561"," ","4822575.2270185705274"," ","2766.7919536024746776"," ","2414170112"," ","118.44039680275758997"," ","57","15.844981219093289937"
"01/27/2026 21:51:54.166","10824","69.66960622688513638","0","8589344.9906502962112","0.0018326512195121951246","41.15717100463248812","7.5424846783728112243"," ","2077839360"," ","2497.537596573796236"," ","452199.86082853202242"," ","1873.1531974303470633"," ","2123825152"," ","117.63377903088738208"," ","57","5.8886595081816590636"
"01/27/2026 21:51:55.156","11042","69.546425125921700783","0","0","0","0","0.15782502707108853057"," ","2036101120"," ","1955.7523160915986864"," ","341986.93121045309817"," ","1467.8244397113082869"," ","2109165568"," ","110.49166188248294418"," ","57","16.345889455455552053"
"01/27/2026 21:51:56.170","11047","69.609484185839420434","0","5081998.0377077050507","0.00024019839572192515126","184.28518437781971784","4.5038887948840429232"," ","2037841920"," ","5936.5451908662353162"," ","4457263.3788087414578"," ","1262.4027871015350684"," ","2129428480"," ","132.42528922422286541"," ","57","13.769579109808383066"
"01/27/2026 21:51:57.172","11051","69.662644381090686352","0","5601166.2441976014525","0.0001617604240282685484","282.47783971328999542","4.5694464893083424073"," ","2038771712"," ","5777.3206228287017439"," ","4453791.1670277491212"," ","1100.9648664443775488"," ","2150416384"," ","106.05565301584844917"," ","57","14.219692413651985774"
"01/27/2026 21:51:58.170","11153","69.217565159596873059","0","5608201.4268641658127","0.00099406376811594205321","69.161124672148702075","7.0715037672889806686"," ","1926578176"," ","1323.0823850324100022"," ","229492.6490244322049"," ","992.31178877430750163"," ","1982783488"," ","106.49704118644018536"," ","57","4.4658895239286566792"
"01/27/2026 21:51:59.169","11159","69.242551636240108337","0","0","0","0","0"," ","1927266304"," ","1337.704369136717105"," ","247286.06717819173355"," ","1003.2782768525377151"," ","2009829376"," ","107.94752075896532517"," ","57","1.4392201765968892779"
"01/27/2026 21:52:00.168","11161","69.250797054090256211","0","3183767.7654357752763","0.00097802222222222222683","9.0033249278958713546","0.88056861711551592808"," ","1927278592"," ","1568.5792763267475038"," ","294128.62169999378966"," ","1176.4344572450606847"," ","2014027776"," ","107.85519987362997085"," ","57","6.2128696751043710478"
"01/27/2026 21:52:01.168","11164","69.256529717067380147","0","3953744.280777621083","8.0767295597484269109e-005","159.0444211068151219","1.2845569783842929468"," ","1927331840"," ","1564.4369472393639171"," ","285472.73253419680987"," ","1173.3277104295229947"," ","2016792576"," ","110.96833810115830943"," ","57","6.2239396328239600109"
"01/27/2026 21:52:02.167","11171","69.208177544457882391","0","0","0","0","0"," ","1927405568"," ","1561.7754263046231245"," ","292495.50889451126568"," ","1171.331569728467457"," ","2019667968"," ","109.49760446772249622"," ","57","0"
"01/27/2026 21:52:03.170","11174","69.217837105788717622","0","3835545.6203418713994","3.8384448818897639254e-005","506.6001624311701903","1.944587440466063688"," ","1927528448"," ","9697.2046840171242366"," ","8676928.9100357890129"," ","1147.8283207840097475"," ","2023600128"," ","104.40066960034002363"," ","57","3.3904251459540013514"
"01/27/2026 21:52:04.171","11178","69.241355072995958153","0","5225551.4330876432359","0.0001444529411764705726","169.83617602460665807","2.4532940545207315708"," ","1927561216"," ","5566.630428288872281"," ","4492144.8770515955985"," ","1106.9322531486127446"," ","2030944256"," ","109.26784102830353618"," ","57","4.7808813896211947991"
"01/27/2026 21:52:05.169","11182","69.264949175823701921","0","4022810.2774396105669","0.00010643759398496240975","133.15339270840007657","1.417270269501807789"," ","1927696384"," ","5538.3802140065354251"," ","4468549.7693342734128"," ","1079.2432882680848252"," ","2040180736"," ","103.24521873269235073"," ","57","1.4477457551573036376"
"01/27/2026 21:52:06.159","11165","69.384845152819735858","0","24825.641687683000782","0.00015348000000000000097","5.0507897313808189921","0.077518886516047283419"," ","1876365312"," ","1438.4649154972571523"," ","250078.74181191221578"," ","910.15230959482357775"," ","1932718080"," ","105.75004472437711911"," ","57","5.298467411005558958"
"01/27/2026 21:52:07.152","11267","68.847902251604921275","0","5296760.8292625145987","0.0034185142857142856651","7.0499077066368229794","2.4100513612384948381"," ","1820516352"," ","1361.6393170532835484"," ","265481.39589783997508"," ","1021.2294877899626044"," ","1863147520"," ","102.287895065435535"," ","57","8.727724403149817789"
"01/27/2026 21:52:08.169","11271","68.867950180747541822","0","4083020.5788267301396","3.8631346153846156898e-005","511.63698647389236385","1.9765244976949747358"," ","1820717056"," ","1405.0338782398428066"," ","281079.58552681293804"," ","1053.7754086798820481"," ","1872273408"," ","103.00394177329224021"," ","57","9.2950363488919052202"
"01/27/2026 21:52:09.170","11273","68.879904963280978336","0","3373549.3049142681994","0.00023990238095238097674","41.929767639204328589","1.0061301052173297066"," ","1820778496"," ","1433.5987221404145657"," ","279585.69396261259681"," ","1075.1990416053110948"," ","1879023616"," ","106.09605462473949444"," ","57","4.825598057218972059"
"01/27/2026 21:52:10.169","11273","68.898473486513481134","0","0","0","0","0"," ","1820868608"," ","1433.7174501335148307"," ","311026.57873867102899"," ","1075.288087600136123"," ","1885958144"," ","107.91623988139798485"," ","57","1.4677809778540162888"
"01/27/2026 21:52:11.170","11276","68.876434925216358351","0","3155191.4725937340409","5.8902898550724636496e-005","206.81485933792069432","1.218205675128568144"," ","1820938240"," ","1426.7227977514528448"," ","278181.97149911400629"," ","1070.0420983135898041"," ","1890983936"," ","103.03329006851001282"," ","57","0.088930842656953501546"
"01/27/2026 21:52:12.170","11281","68.920990701047941229","0","3163592.8778261104599","5.8719323671497581415e-005","207.09694207858697723","1.2160476794658030553"," ","1821495296"," ","5310.4858384209646829"," ","4463004.1322342986241"," ","910.4261704904065482"," ","1917403136"," ","106.29874860611077736"," ","57","4.6437696327535800123"
"01/27/2026 21:52:13.170","11284","68.964578367062983943","0","3462856.7556923464872","0.0002172895833333333374","47.96731986497598399","1.0423006223683655147"," ","1821605888"," ","1319.1012962868396698"," ","277259.10337287205039"," ","989.32597221512969554"," ","1933033472"," ","110.86417443502867286"," ","57","4.7504980206091733663"
"01/27/2026 21:52:14.167","11283","68.994818853446005846","0","0","0","0","0"," ","1821683712"," ","1323.6434609907230424"," ","257075.62636914369068"," ","992.73259574304233865"," ","1945399296"," ","106.54333511022547043"," ","57","5.9911749027422249725"
"01/27/2026 21:52:15.169","11284","69.128747277224604773","0","2547943.0252250363119","4.598987341772151912e-005","236.64103920762596545","1.088325335346309819"," ","1821855744"," ","1377.9098485507333862"," ","225839.42417746523279"," ","866.68532503046139936"," ","1974722560"," ","109.21096513037417708"," ","57","6.3906013168221313947"
"01/27/2026 21:52:16.170","11378","68.564403003213087118","0","2744428.3456138232723","5.7699761336515509921e-005","418.39207631311705882","2.4140361219733184051"," ","1717841920"," ","1162.3111618817858925"," ","236884.8063763352111"," ","872.73192051948524295"," ","1761341440"," ","107.65267883300451501"," ","57","6.3889749278221552586"
"01/27/2026 21:52:17.168","11378","68.589280701379578886","0","0","0","0","0"," ","1718079488"," ","1350.7081698806107397"," ","274689.75295467412798"," ","1013.0311274104579979"," ","1775206400"," ","109.59593444424615427"," ","57","2.9293152065248295735"
"01/27/2026 21:52:18.168","11380","68.630181525049309244","0","3351713.1657754178159","0.00029478181818181817654","33.011672927547181189","0.97313120305118128162"," ","1718226944"," ","1336.4725767031220585"," ","261361.41739719163161"," ","1002.3544325273416007"," ","1791643648"," ","106.28835946893234166"," ","57","7.7792175196028212625"
"01/27/2026 21:52:19.169","11381","68.672616120584450528","0","2274787.5192818092182","4.2674324324324325937e-005","221.74767332252628194","0.94627052827319946271"," ","1718464512"," ","1302.5178649215058613"," ","255188.62086831394117"," ","976.88839869112939596"," ","1808556032"," ","106.12669139726551748"," ","57","3.2374284319049650982"
"01/27/2026 21:52:20.169","11380","68.680002207094801747","0","696272.86232722050045","4.2639743589743588027e-005","77.994719757472424249","0.33256585571887481434"," ","1718943744"," ","1311.9111836128693085"," ","260960.3329854568874"," ","983.93338770965203821"," ","1824301056"," ","110.92944652218248791"," ","57","1.5696460436972259345"
"01/27/2026 21:52:21.169","11387","68.684636188830396009","0","0","0","0","0"," ","1718800384"," ","1356.4346016463675824"," ","274109.82478786201682"," ","1017.3259512347756299"," ","1833156608"," ","103.15905280333038263"," ","57","3.0930110029320667664"
"01/27/2026 21:52:22.168","11388","68.697874566702608945","0","1975568.565649635857","4.4211764705882350965e-005","187.12280869934940597","0.82730569083367377914"," ","1718857728"," ","5495.6067667209990759"," ","4497437.6683417325839"," ","1048.688254101166649"," ","1839206400"," ","104.75659745167914139"," ","57","1.497527769316642221"
"01/27/2026 21:52:23.170","11389","68.720903030764517894","0","3082931.8350497144274","4.1107430340557274851e-005","322.42978292889023351","1.325413150336072432"," ","1718882304"," ","9559.0947409506279655"," ","8673398.0954681634903"," ","1038.1640069537022555"," ","1848311808"," ","112.3003075930380561"," ","57","3.2969573504394444896"
"01/27/2026 21:52:24.169","11393","68.737187205985463834","0","4635161.5854253908619","5.3479027355623097917e-005","329.47493812330475293","1.7620200389145388442"," ","1718923264"," ","1406.0267876143459489"," ","294844.01765144453384"," ","1055.5215342916815189"," ","1853861888"," ","107.96936869577808693"," ","57","4.5488189790947259894"
"01/27/2026 21:52:25.170","11392","68.763479047632657171","0","53170.105795010305883","0.00011891428571428570642","6.9897600015976593113","0.08311651379545409446"," ","1718984704"," ","1393.9578517471902614"," ","289031.56875177862821"," ","1045.4683888103927529"," ","1862746112"," ","107.65256059073035999"," ","57","3.265593785991438569"
"01/27/2026 21:52:26.170","11386","68.783820669349239552","0","2581663.6928031505086","0.00014103770491803277096","61.027981329439548119","0.8887668747299327654"," ","1719009280"," ","1396.6403596048787676"," ","281335.99255258537596"," ","1047.4802697036591326"," ","1871671296"," ","103.17455473864096405"," ","57","3.0815805480855384957"
"01/27/2026 21:52:27.170","11499","68.429397667858140153","0","2608781.8138606129214","3.9983050847457625844e-005","294.95814543916219463","1.1793517554843357953"," ","1719103488"," ","1363.8064758610753415"," ","300029.42582447547466"," ","1022.8548568958065061"," ","1883553792"," ","109.36125329046137722"," ","57","4.6943810656870592624"
"01/27/2026 21:52:28.161","11588","67.92617618756511888","0","1157020.7079952240456","3.6635329341317364785e-005","168.4766132770668321","0.61720598504485313374"," ","1616953344"," ","1154.1152430476913651"," ","200412.51549202989554"," ","697.10981900870172012"," ","1670135808"," ","111.91593626438501019"," ","57","10.156843831738360251"
"01/27/2026 21:52:29.154","11521","68.474540852120739487","0","144337.32244400057243","0.00014359999999999999393","12.081807124218798322","0.17350364184466429696"," ","1618296832"," ","708.79935128750287276"," ","164595.49253953443258"," ","531.59951346562706931"," ","1778860032"," ","103.83335112134986389"," ","57","8.75250962063195459"
"01/27/2026 21:52:30.169","11383","68.932401591197674406","0","3250164.1930545722134","3.9614784946236560189e-005","366.57054044026898509","1.4521451429747143091"," ","1618800640"," ","5317.2436457411058655"," ","4412382.9893531948328"," ","961.75496631640464784"," ","1806462976"," ","101.61872594900312095"," ","57","53.809670023180402154"
"01/27/2026 21:52:31.168","11315","69.245673592492394732","0","4198254.5575386434793","0.0028305249999999999681","4.0037675452600893777","1.1332664309669473468"," ","1618788352"," ","5653.3197739072465993"," ","4508249.2625560648739"," ","998.94000254239233527"," ","1834594304"," ","112.60497035336341298"," ","57","10.854398470253967091"
"01/27/2026 21:52:32.170","11490","68.264358506599521093","0","159474.66324125183746","0.00022950999999999998962","9.9831394757394242845","0.22911786477443854548"," ","1523314688"," ","1253.8823181528716759"," ","273488.10593788151164"," ","940.4117386146537001"," ","1588318208"," ","107.62829417452030611"," ","57","40.726446686496068139"
"01/27/2026 21:52:33.170","11494","68.365566285412199932","0","6533100.7998062018305","0.00024039172932330829871","265.83255207544766563","6.3903525406079033644"," ","1523625984"," ","1427.1010690366138078"," ","297048.88890487881145"," ","1070.3258017774603559"," ","1626517504"," ","104.62090879155417156"," ","57","4.748127816644709398"
"01/27/2026 21:52:34.170","11499","68.427711601468672598","0","5296768.9090379942209","0.00028078372093023255644","172.02081451855676164","4.8299832842582199888"," ","1523752960"," ","1524.1844263155842327"," ","323104.09559556707973"," ","1143.1383197366881177"," ","1649709056"," ","109.38639806267813981"," ","57","0"
"01/27/2026 21:52:35.170","11504","68.592304752346194618","0","5870508.5471239397302","0.00026199523809523807966","231.01686423108887425","6.0525191236058635269"," ","1524805632"," ","1416.1033755464147816"," ","266127.42730219307123"," ","895.06533976980313128"," ","1711206400"," ","104.69492287003147624"," ","57","6.2456873016158764855"
"01/27/2026 21:52:36.169","11588","68.239176219384916067","0","0","0","0","0"," ","1433886720"," ","913.58140941970555104"," ","218970.03713427943876"," ","685.18605706477910644"," ","1577254912"," ","106.43714843809870274"," ","57","7.6501212081202414339"
"01/27/2026 21:52:37.169","11591","68.399885987956054123","0","4772604.4457504795864","0.00030543749999999999069","87.957472562016263851","2.6865164132524612661"," ","1434279936"," ","1383.3311593844375693"," ","330937.99148111883551"," ","1037.4983695383282338"," ","1642655744"," ","107.75900842821624792"," ","57","3.1730648905883174216"
"01/27/2026 21:52:38.170","11595","68.40927360309503058","0","5460453.6617471762002","0.00090117777777777769745","44.936581003230138265","4.0495751156589934183"," ","1434284032"," ","1829.4181421759469686"," ","442200.92183900863165"," ","1372.0636066319602833"," ","1642659840"," ","113.90147748128471505"," ","57","4.8220530635840086475"
"01/27/2026 21:52:39.170","11604","68.392782744111684679","0","4308829.0992017518729","0.0015428000000000002042","11.010049973615917196","1.6986344203580698853"," ","1434284032"," ","1833.6737774240327781"," ","452406.9570704139187"," ","1376.2562467019895394"," ","1642659840"," ","106.347318431096312"," ","57","6.164130796091504827"
"01/27/2026 21:52:40.168","11605","68.352186486206989002","0","0","0","0","0"," ","1434284032"," ","1837.9701201718121411"," ","438786.33507256431039"," ","1378.4775901288592195"," ","1642659840"," ","104.80615104359645784"," ","57","1.4509326007973610828"
"01/27/2026 21:52:41.168","11607","68.329604032526162882","0","3041500.0465847379528","0.0019922285714285715291","7.0052237953842180218","1.3954790625105695234"," ","1434284032"," ","10027.47748996426526"," ","8800582.5944406744093"," ","1374.024610151790057"," ","1642659840"," ","114.13767107016681734"," ","57","4.6228151932640741961"
"01/27/2026 21:52:42.169","11607","68.328374826425772426","0","0","0","0","0"," ","1434284032"," ","5921.8115232742065928"," ","4551605.9619424780831"," ","1375.6332230397599687"," ","1642659840"," ","109.18892024212337333"," ","57","3.2912906257689944489"
"01/27/2026 21:52:43.170","11606","68.328940465191607245","0","0","0","0","0"," ","1434284032"," ","2047.0198868781626516"," ","372783.51125481119379"," ","1368.3448364922874134"," ","1643044864"," ","110.88623729249967198"," ","57","7.8554946262074150098"
"01/27/2026 21:52:44.170","11672","67.840164799205993518","0","0","0","0","0"," ","1347993600"," ","1407.780386259743409"," ","267300.30115302011836"," ","1055.8352896948076705"," ","1435299840"," ","118.73005335103702862"," ","57","10.952459986722228535"
"01/27/2026 21:52:45.170","11674","68.021477262494499882","0","2239769.5164053118788","9.0798701298701301431e-005","307.89793183559652334","2.7956872081265466967"," ","1348235264"," ","5762.0898672090206674"," ","4531607.7720235744491"," ","1252.5847681493585242"," ","1500983296"," ","110.90129072857712345"," ","57","1.5946293535160749322"
"01/27/2026 21:52:46.170","11679","68.202604811685759501","0","4129973.9523940989748","6.5709137055837562474e-005","197.05754080191414346","1.2948548308557303876"," ","1348526080"," ","1716.5012183557598746"," ","343563.32048958295491"," ","1288.3762058521087965"," ","1570168832"," ","106.28158688762299278"," ","57","1.5332356776433964107"
"01/27/2026 21:52:47.170","11751","67.47875820553832682","0","0","0","0","0"," ","1267175424"," ","1779.6809032140536146"," ","366958.20439395215362"," ","1335.7604981426829909"," ","1300090880"," ","104.66886894132845498"," ","57","7.8289064546510740428"
"01/27/2026 21:52:48.170","11753","67.831114415971356379","0","3665705.5562249608338","7.063435897435897475e-005","194.98859316729971169","1.3775355797766892785"," ","1267761152"," ","1599.9064054752798256"," ","315235.55871981492965"," ","1199.9298041064598692"," ","1445130240"," ","104.70008495021102135"," ","57","3.113354225177866752"
"01/27/2026 21:52:49.169","11770","67.858755092103677953","0","3424651.4303509052843","8.5942281879194625774e-005","149.19567012136417361","1.282036136170911389"," ","1267572736"," ","2371.1097103851702741"," ","394777.75102046335815"," ","1779.3335960111687655"," ","1453629440"," ","109.50278975564484085"," ","57","4.5761403557952107235"
"01/27/2026 21:52:50.171","11765","68.094989975936471183","0","3606016.7355129374191","5.3705952380952382756e-005","251.5357655910252106","1.3508657722180332783"," ","1267998720"," ","6420.1509693709285784"," ","4584962.9923014082015"," ","1583.078270743515759"," ","1527201792"," ","109.17100306367521512"," ","57","11.10361179100732798"
"01/27/2026 21:52:51.169","11831","67.625185327517144174","0","65652.283324223870295","0.00017369999999999999373","1.0017743427158183334","0.017400438587220623532"," ","1190428672"," ","2007.5557828024998344"," ","366000.25965990964323"," ","1506.6686114445906242"," ","1349922816"," ","108.00142689606929025"," ","57","1.3900015296758660988"
"01/27/2026 21:52:52.169","11904","67.192724432608287088","0","3145536.1222965396009","0.0026756333333333333357","2.9998170111623188028","0.80264697812197272064"," ","1116168192"," ","2003.8777634564289656"," ","337459.41497568646446"," ","1335.9185089709526437"," ","1189756928"," ","104.68188905074688932"," ","57","4.6926084761856774463"
"01/27/2026 21:52:53.169","12032","67.104200266093059213","0","1936818.0452234249096","4.6982485875706210391e-005","176.94610221726460964","0.83134483640774337054"," ","983527424"," ","1403.5724718250821752"," ","95648.865355612681014"," ","885.73020657907602526"," ","1157603328"," ","106.21867611241444251"," ","57","10.963756788123180996"
"01/27/2026 21:52:54.169","12875","64.284719727999700467","0","1425976.3941907244734","5.3624271844660192693e-005","103.04107217136750307","0.63337741194332253247"," ","89731072"," ","3822.5236579300508311"," ","68664.369617729622405"," ","587.23407150090031337"," ","64794624"," ","106.29487769736383029"," ","42","7.7735619978755003956"
"01/27/2026 21:52:55.169","12799","64.438728723777160212","0","126998.7200710206962","0.00029823333333333333639","3.000536796032810205","0.089485964296030409693"," ","172609536"," ","11118068.022369202226"," ","11118180.042409587651"," ","1.000178932010936661"," ","150069248"," ","1358.0547769722118119"," ","43","95.311663600786374673"
"01/27/2026 21:52:56.169","12800","64.459168250779427467","0","1224374.7656255231705","3.7970414201183433486e-005","168.95456811663342478","0.64159721612597653273"," ","178470912"," ","11192136.434512758628"," ","11192136.434512758628"," ","0"," ","160227328"," ","1399.7757559239009879"," ","43","100"
"01/27/2026 21:52:57.170","12800","64.477943457774330227","0","2541887.4526651543565","9.3185714285714285566e-005","90.956468234303059717","0.84748176518541828983"," ","183078912"," ","11570004.595800448209"," ","11570004.595800448209"," ","0"," ","164810752"," ","1397.5993596640093983"," ","43","98.438436469649147398"
"01/27/2026 21:52:58.169","12811","64.445549148238626458","0","2273558.7383013158105","0.0015530999999999999667","4.0004904601304120959","0.69753681219245655676"," ","182304768"," ","12124985.523225147277"," ","12124985.523225147277"," ","0"," ","163053568"," ","1400.2545662801496746"," ","43","100"
"01/27/2026 21:52:59.168","12819","64.354555696331559034","0","36923.095414210445597","0.00011594285714285714796","7.0112214599466442522","0.081283217228997436954"," ","180166656"," ","13016855.477191245183"," ","13016855.477191245183"," ","0"," ","162537472"," ","1402.1254820181914056"," ","43","96.869869089411366758"
"01/27/2026 21:53:00.169","12858","64.220801313459134008","0","1414978.3532321983948","5.0420720720720715456e-005","110.82474175339118005","0.55878036577964218523"," ","176037888"," ","12653208.216526383534"," ","12653208.216526383534"," ","0"," ","151994368"," ","1394.6545704583732004"," ","43","98.440041017187112971"
"01/27/2026 21:53:01.168","12859","64.260842782505989135","0","2083708.9468075239565","0.0001200519230769230781","52.073496533006682796","0.62518433208567525394"," ","184410112"," ","12455951.329706747085"," ","12455951.329706747085"," ","0"," ","167632896"," ","1402.0504988545746983"," ","43","98.435347037523641234"
"01/27/2026 21:53:02.169","12870","64.180302984123187571","0","0","0","0","0"," ","164106240"," ","8933820.4769572746009"," ","8933820.4769572746009"," ","0"," ","137252864"," ","808.64043103245023758"," ","43","71.900525562578948779"
"01/27/2026 21:53:03.164","12691","64.694032483895782093","0","4990849.4276560340077","0.00081619999999999999843","19.085666011894389271","1.5578011656336272495"," ","70488064"," ","20955554.004147615284"," ","69340084.971394106746"," ","6.0270524248087538055"," ","44609536"," ","69.061266032133431736"," ","42","13.673417459833213883"
"01/27/2026 21:53:04.169","12761","64.504017742468050756","0","3091323.2170643433928","5.8458910891089107121e-005","201.12526599314261944","1.1759938590627820876"," ","70488064"," ","0"," ","0"," ","0"," ","44609536"," ","0"," ","42","3.5250238411450807163"
"01/27/2026 21:53:05.169","12778","64.441295891171620269","0","6685720.9896232718602","0.00028733437500000000298","64.010043175774285373","1.8388333476658353938"," ","70406144"," ","0"," ","0"," ","0"," ","44494848"," ","0"," ","41","0.005799663619510120327"
"01/27/2026 21:53:06.170","12774","64.435378337380328162","0","0","0","0","0"," ","70406144"," ","0"," ","0"," ","0"," ","44494848"," ","0"," ","41","1.7022989903758833918"
"01/27/2026 21:53:07.167","12784","64.423793383041356719","0","4609387.847764544189","0.0018197631578947368481","38.104589477197009728","6.9329905821973598634"," ","70406144"," ","0"," ","0"," ","0"," ","44494848"," ","0"," ","41","0"
"01/27/2026 21:53:08.170","12788","64.420519155548078061","0","4185490.194747899659","0.0028377250000000001431","3.9915945003012653913","1.1324953399266939336"," ","70406144"," ","0"," ","0"," ","0"," ","44494848"," ","0"," ","41","0.22858628596024166413"
"01/27/2026 21:53:09.169","12792","64.407737637964942223","0","4194958.8330738423392","0.0028811250000000000054","4.0006244974840567963","1.1528838301852986081"," ","70406144"," ","0"," ","0"," ","0"," ","44494848"," ","0"," ","41","0"
"01/27/2026 21:53:10.169","12792","64.413165711893967114","0","0","0","0","0"," ","70406144"," ","0"," ","0"," ","0"," ","44494848"," ","0"," ","41","0"
"01/27/2026 21:53:11.168","12874","64.189027031927608391","0","3149801.0076830349863","0.0027905000000000000117","3.0038843228178357947","0.83821209855007272616"," ","70406144"," ","0"," ","0"," ","0"," ","44494848"," ","0"," ","41","0"
"01/27/2026 21:53:12.168","12878","64.19145280127213482","0","3163343.2505624974146","0.0010999000000000000096","8.9947659456961996938","0.98911751904374212163"," ","70406144"," ","0"," ","0"," ","0"," ","44494848"," ","0"," ","41","0.080055859245575788918"
"01/27/2026 21:53:13.170","12881","64.188526655591218173","0","2093272.7469453609083","0.0019350666666666665756","2.9944506839924254216","0.57961608870965730667"," ","70406144"," ","0"," ","0"," ","0"," ","44494848"," ","0"," ","41","1.7157742500570338784"
"01/27/2026 21:53:14.160","12866","64.376485502435016883","0","0","0","0","0"," ","70426624"," ","452.55249709982535933"," ","452.55249709982535933"," ","0"," ","44494848"," ","0"," ","41","5.3241936928644095772"
